source_shard,relationship_source,source_recipe_id,recipe_no,recipe_name,category,variant,original_ingredient_id,resolved_ingredient_id,v22_5_canonical_ingredient,original_ingredient,amount_g,amount_status,choice_group,optional,relationship_source_url,nutrient_input_eligible
russian_normative_recipes_v22_5_row_nutrients_part2.xlsx,v13_part1,USSR82-260,260,Суп молочный с тыквой и крупой,Супы,I,ING-0021,ING-0021,Крупа манная,Крупа манная,20,verified_primary_alternative,grain,NO,https://studopedia.net/17_42318_supi-s-makaronnimi-izdeliyami-domashney-lapshoy.html,YES
russian_normative_recipes_v22_5_row_nutrients_part2.xlsx,v13_part1,USSR82-260,260,Суп молочный с тыквой и крупой,Супы,I,ING-0023,ING-0023,Крупа пшенная,Пшено,30,verified_primary_alternative,grain,NO,https://studopedia.net/17_42318_supi-s-makaronnimi-izdeliyami-domashney-lapshoy.html,YES
russian_normative_recipes_v22_5_row_nutrients_part2.xlsx,v13_part1,USSR82-260,260,Суп молочный с тыквой и крупой,Супы,I,ING-0032,ING-0032,Масло сливочное,Масло сливочное,10,verified_primary_net,,NO,https://studopedia.net/17_42318_supi-s-makaronnimi-izdeliyami-domashney-lapshoy.html,YES
russian_normative_recipes_v22_5_row_nutrients_part2.xlsx,v13_part1,USSR82-260,260,Суп молочный с тыквой и крупой,Супы,I,ING-0034,ING-0034,"Молоко 3,2%",Молоко,800,verified_primary_net,,NO,https://studopedia.net/17_42318_supi-s-makaronnimi-izdeliyami-domashney-lapshoy.html,YES
russian_normative_recipes_v22_5_row_nutrients_part2.xlsx,v13_part1,USSR82-260,260,Суп молочный с тыквой и крупой,Супы,I,ING-0042,ING-0042,Сахар,Сахар,10,verified_primary_net,,NO,https://studopedia.net/17_42318_supi-s-makaronnimi-izdeliyami-domashney-lapshoy.html,YES
russian_normative_recipes_v22_5_row_nutrients_part2.xlsx,v13_part1,USSR82-260,260,Суп молочный с тыквой и крупой,Супы,I,ING-0145,ING-0145,Тыква,Тыква,240,verified_primary_net,,NO,https://studopedia.net/17_42318_supi-s-makaronnimi-izdeliyami-domashney-lapshoy.html,YES
russian_normative_recipes_v22_5_row_nutrients_part2.xlsx,v13_part1,USSR82-260,260,Суп молочный с тыквой и крупой,Супы,II,ING-0006,ING-0006,Вода,Вода,100,verified_primary_net,,NO,https://studopedia.net/17_42318_supi-s-makaronnimi-izdeliyami-domashney-lapshoy.html,YES
russian_normative_recipes_v22_5_row_nutrients_part2.xlsx,v13_part1,USSR82-260,260,Суп молочный с тыквой и крупой,Супы,II,ING-0021,ING-0021,Крупа манная,Крупа манная,20,verified_primary_alternative,grain,NO,https://studopedia.net/17_42318_supi-s-makaronnimi-izdeliyami-domashney-lapshoy.html,YES
russian_normative_recipes_v22_5_row_nutrients_part2.xlsx,v13_part1,USSR82-260,260,Суп молочный с тыквой и крупой,Супы,II,ING-0023,ING-0023,Крупа пшенная,Пшено,30,verified_primary_alternative,grain,NO,https://studopedia.net/17_42318_supi-s-makaronnimi-izdeliyami-domashney-lapshoy.html,YES
russian_normative_recipes_v22_5_row_nutrients_part2.xlsx,v13_part1,USSR82-260,260,Суп молочный с тыквой и крупой,Супы,II,ING-0032,ING-0032,Масло сливочное,Масло сливочное,10,verified_primary_net,,NO,https://studopedia.net/17_42318_supi-s-makaronnimi-izdeliyami-domashney-lapshoy.html,YES
russian_normative_recipes_v22_5_row_nutrients_part2.xlsx,v13_part1,USSR82-260,260,Суп молочный с тыквой и крупой,Супы,II,ING-0034,ING-0034,"Молоко 3,2%",Молоко,700,verified_primary_net,,NO,https://studopedia.net/17_42318_supi-s-makaronnimi-izdeliyami-domashney-lapshoy.html,YES
russian_normative_recipes_v22_5_row_nutrients_part2.xlsx,v13_part1,USSR82-260,260,Суп молочный с тыквой и крупой,Супы,II,ING-0042,ING-0042,Сахар,Сахар,10,verified_primary_net,,NO,https://studopedia.net/17_42318_supi-s-makaronnimi-izdeliyami-domashney-lapshoy.html,YES
russian_normative_recipes_v22_5_row_nutrients_part2.xlsx,v13_part1,USSR82-260,260,Суп молочный с тыквой и крупой,Супы,II,ING-0145,ING-0145,Тыква,Тыква,240,verified_primary_net,,NO,https://studopedia.net/17_42318_supi-s-makaronnimi-izdeliyami-domashney-lapshoy.html,YES
russian_normative_recipes_v22_5_row_nutrients_part2.xlsx,v13_part1,USSR82-260,260,Суп молочный с тыквой и крупой,Супы,III,ING-0006,ING-0006,Вода,Вода,300,verified_primary_net,,NO,https://studopedia.net/17_42318_supi-s-makaronnimi-izdeliyami-domashney-lapshoy.html,YES
russian_normative_recipes_v22_5_row_nutrients_part2.xlsx,v13_part1,USSR82-260,260,Суп молочный с тыквой и крупой,Супы,III,ING-0021,ING-0021,Крупа манная,Крупа манная,20,verified_primary_alternative,grain,NO,https://studopedia.net/17_42318_supi-s-makaronnimi-izdeliyami-domashney-lapshoy.html,YES
russian_normative_recipes_v22_5_row_nutrients_part2.xlsx,v13_part1,USSR82-260,260,Суп молочный с тыквой и крупой,Супы,III,ING-0023,ING-0023,Крупа пшенная,Пшено,30,verified_primary_alternative,grain,NO,https://studopedia.net/17_42318_supi-s-makaronnimi-izdeliyami-domashney-lapshoy.html,YES
russian_normative_recipes_v22_5_row_nutrients_part2.xlsx,v13_part1,USSR82-260,260,Суп молочный с тыквой и крупой,Супы,III,ING-0032,ING-0032,Масло сливочное,Масло сливочное,10,verified_primary_net,,NO,https://studopedia.net/17_42318_supi-s-makaronnimi-izdeliyami-domashney-lapshoy.html,YES
russian_normative_recipes_v22_5_row_nutrients_part2.xlsx,v13_part1,USSR82-260,260,Суп молочный с тыквой и крупой,Супы,III,ING-0034,ING-0034,"Молоко 3,2%",Молоко,500,verified_primary_net,,NO,https://studopedia.net/17_42318_supi-s-makaronnimi-izdeliyami-domashney-lapshoy.html,YES
russian_normative_recipes_v22_5_row_nutrients_part2.xlsx,v13_part1,USSR82-260,260,Суп молочный с тыквой и крупой,Супы,III,ING-0042,ING-0042,Сахар,Сахар,6,verified_primary_net,,NO,https://studopedia.net/17_42318_supi-s-makaronnimi-izdeliyami-domashney-lapshoy.html,YES
russian_normative_recipes_v22_5_row_nutrients_part2.xlsx,v13_part1,USSR82-260,260,Суп молочный с тыквой и крупой,Супы,III,ING-0145,ING-0145,Тыква,Тыква,240,verified_primary_net,,NO,https://studopedia.net/17_42318_supi-s-makaronnimi-izdeliyami-domashney-lapshoy.html,YES
russian_normative_recipes_v22_5_row_nutrients_part2.xlsx,v13_part1,USSR82-261,261,Суп молочный с овощами,Супы,I,ING-0006,ING-0006,Вода,Вода,200,verified_primary_net,,NO,https://studopedia.net/17_42318_supi-s-makaronnimi-izdeliyami-domashney-lapshoy.html,YES
russian_normative_recipes_v22_5_row_nutrients_part2.xlsx,v13_part1,USSR82-261,261,Суп молочный с овощами,Супы,I,ING-0012,ING-0012,Горошек зеленый консервированный,Горошек зеленый консервированный,100,verified_primary_net,,NO,https://studopedia.net/17_42318_supi-s-makaronnimi-izdeliyami-domashney-lapshoy.html,YES
russian_normative_recipes_v22_5_row_nutrients_part2.xlsx,v13_part1,USSR82-261,261,Суп молочный с овощами,Супы,I,ING-0017,ING-0017,Капуста белокочанная,Капуста белокочанная,100,verified_primary_alternative,cabbage,NO,https://studopedia.net/17_42318_supi-s-makaronnimi-izdeliyami-domashney-lapshoy.html,YES
russian_normative_recipes_v22_5_row_nutrients_part2.xlsx,v13_part1,USSR82-261,261,Суп молочный с овощами,Супы,I,ING-0018,ING-0018,Капуста цветная,Капуста цветная,100,verified_primary_alternative,cabbage,NO,https://studopedia.net/17_42318_supi-s-makaronnimi-izdeliyami-domashney-lapshoy.html,YES
russian_normative_recipes_v22_5_row_nutrients_part2.xlsx,v13_part1,USSR82-261,261,Суп молочный с овощами,Супы,I,ING-0019,ING-0019,Картофель,Картофель,150,verified_primary_net,,NO,https://studopedia.net/17_42318_supi-s-makaronnimi-izdeliyami-domashney-lapshoy.html,YES
russian_normative_recipes_v22_5_row_nutrients_part2.xlsx,v13_part1,USSR82-261,261,Суп молочный с овощами,Супы,I,ING-0032,ING-0032,Масло сливочное,Масло сливочное или маргарин столовый,10,verified_primary_alternative,fat,NO,https://studopedia.net/17_42318_supi-s-makaronnimi-izdeliyami-domashney-lapshoy.html,YES
russian_normative_recipes_v22_5_row_nutrients_part2.xlsx,v13_part1,USSR82-261,261,Суп молочный с овощами,Супы,I,ING-0034,ING-0034,"Молоко 3,2%",Молоко,500,verified_primary_net,,NO,https://studopedia.net/17_42318_supi-s-makaronnimi-izdeliyami-domashney-lapshoy.html,YES
russian_normative_recipes_v22_5_row_nutrients_part2.xlsx,v13_part1,USSR82-261,261,Суп молочный с овощами,Супы,I,ING-0035,ING-0035,Морковь,Морковь,40,verified_primary_net,,NO,https://studopedia.net/17_42318_supi-s-makaronnimi-izdeliyami-domashney-lapshoy.html,YES
russian_normative_recipes_v22_5_row_nutrients_part2.xlsx,v13_part1,USSR82-261,261,Суп молочный с овощами,Супы,I,ING-0077,ING-0077,Репа,Репа,30,verified_primary_net,,NO,https://studopedia.net/17_42318_supi-s-makaronnimi-izdeliyami-domashney-lapshoy.html,YES
russian_normative_recipes_v22_5_row_nutrients_part2.xlsx,v13_part1,USSR82-261,261,Суп молочный с овощами,Супы,II,ING-0006,ING-0006,Вода,Вода,200,verified_primary_net,,NO,https://studopedia.net/17_42318_supi-s-makaronnimi-izdeliyami-domashney-lapshoy.html,YES
russian_normative_recipes_v22_5_row_nutrients_part2.xlsx,v13_part1,USSR82-261,261,Суп молочный с овощами,Супы,II,ING-0017,ING-0017,Капуста белокочанная,Капуста белокочанная,80,verified_primary_alternative,cabbage,NO,https://studopedia.net/17_42318_supi-s-makaronnimi-izdeliyami-domashney-lapshoy.html,YES
russian_normative_recipes_v22_5_row_nutrients_part2.xlsx,v13_part1,USSR82-261,261,Суп молочный с овощами,Супы,II,ING-0018,ING-0018,Капуста цветная,Капуста цветная,80,verified_primary_alternative,cabbage,NO,https://studopedia.net/17_42318_supi-s-makaronnimi-izdeliyami-domashney-lapshoy.html,YES
russian_normative_recipes_v22_5_row_nutrients_part2.xlsx,v13_part1,USSR82-261,261,Суп молочный с овощами,Супы,II,ING-0019,ING-0019,Картофель,Картофель,200,verified_primary_net,,NO,https://studopedia.net/17_42318_supi-s-makaronnimi-izdeliyami-domashney-lapshoy.html,YES
russian_normative_recipes_v22_5_row_nutrients_part2.xlsx,v13_part1,USSR82-261,261,Суп молочный с овощами,Супы,II,ING-0032,ING-0032,Масло сливочное,Масло сливочное или маргарин столовый,10,verified_primary_alternative,fat,NO,https://studopedia.net/17_42318_supi-s-makaronnimi-izdeliyami-domashney-lapshoy.html,YES
russian_normative_recipes_v22_5_row_nutrients_part2.xlsx,v13_part1,USSR82-261,261,Суп молочный с овощами,Супы,II,ING-0034,ING-0034,"Молоко 3,2%",Молоко,500,verified_primary_net,,NO,https://studopedia.net/17_42318_supi-s-makaronnimi-izdeliyami-domashney-lapshoy.html,YES
russian_normative_recipes_v22_5_row_nutrients_part2.xlsx,v13_part1,USSR82-261,261,Суп молочный с овощами,Супы,II,ING-0035,ING-0035,Морковь,Морковь,40,verified_primary_net,,NO,https://studopedia.net/17_42318_supi-s-makaronnimi-izdeliyami-domashney-lapshoy.html,YES
russian_normative_recipes_v22_5_row_nutrients_part2.xlsx,v13_part1,USSR82-261,261,Суп молочный с овощами,Супы,II,ING-0144,ING-0144,Фасоль овощная (лопатка),Фасоль овощная (лопатка) свежая,100,verified_primary_net,,NO,https://studopedia.net/17_42318_supi-s-makaronnimi-izdeliyami-domashney-lapshoy.html,YES
russian_normative_recipes_v22_5_row_nutrients_part2.xlsx,v13_part1,USSR82-261,261,Суп молочный с овощами,Супы,III,ING-0006,ING-0006,Вода,Вода,250,verified_primary_net,,NO,https://studopedia.net/17_42318_supi-s-makaronnimi-izdeliyami-domashney-lapshoy.html,YES
russian_normative_recipes_v22_5_row_nutrients_part2.xlsx,v13_part1,USSR82-261,261,Суп молочный с овощами,Супы,III,ING-0017,ING-0017,Капуста белокочанная,Капуста белокочанная,60,verified_primary_alternative,cabbage,NO,https://studopedia.net/17_42318_supi-s-makaronnimi-izdeliyami-domashney-lapshoy.html,YES
russian_normative_recipes_v22_5_row_nutrients_part2.xlsx,v13_part1,USSR82-261,261,Суп молочный с овощами,Супы,III,ING-0018,ING-0018,Капуста цветная,Капуста цветная,60,verified_primary_alternative,cabbage,NO,https://studopedia.net/17_42318_supi-s-makaronnimi-izdeliyami-domashney-lapshoy.html,YES
russian_normative_recipes_v22_5_row_nutrients_part2.xlsx,v13_part1,USSR82-261,261,Суп молочный с овощами,Супы,III,ING-0019,ING-0019,Картофель,Картофель,250,verified_primary_net,,NO,https://studopedia.net/17_42318_supi-s-makaronnimi-izdeliyami-domashney-lapshoy.html,YES
russian_normative_recipes_v22_5_row_nutrients_part2.xlsx,v13_part1,USSR82-261,261,Суп молочный с овощами,Супы,III,ING-0032,ING-0032,Масло сливочное,Масло сливочное или маргарин столовый,10,verified_primary_alternative,fat,NO,https://studopedia.net/17_42318_supi-s-makaronnimi-izdeliyami-domashney-lapshoy.html,YES
russian_normative_recipes_v22_5_row_nutrients_part2.xlsx,v13_part1,USSR82-261,261,Суп молочный с овощами,Супы,III,ING-0034,ING-0034,"Молоко 3,2%",Молоко,500,verified_primary_net,,NO,https://studopedia.net/17_42318_supi-s-makaronnimi-izdeliyami-domashney-lapshoy.html,YES
russian_normative_recipes_v22_5_row_nutrients_part2.xlsx,v13_part1,USSR82-261,261,Суп молочный с овощами,Супы,III,ING-0035,ING-0035,Морковь,Морковь,40,verified_primary_net,,NO,https://studopedia.net/17_42318_supi-s-makaronnimi-izdeliyami-domashney-lapshoy.html,YES
russian_normative_recipes_v22_5_row_nutrients_part2.xlsx,v13_part1,USSR82-263,263,Суп молочный с картофельными клецками,Супы,single,ING-0006,ING-0006,Вода,Вода,190,verified_primary_net,,NO,https://studopedia.net/17_42318_supi-s-makaronnimi-izdeliyami-domashney-lapshoy.html,YES
russian_normative_recipes_v22_5_row_nutrients_part2.xlsx,v13_part1,USSR82-263,263,Суп молочный с картофельными клецками,Супы,single,ING-0019,ING-0019,Картофель,Картофель для отваривания,110,verified_primary_net,,NO,https://studopedia.net/17_42318_supi-s-makaronnimi-izdeliyami-domashney-lapshoy.html,YES
russian_normative_recipes_v22_5_row_nutrients_part2.xlsx,v13_part1,USSR82-263,263,Суп молочный с картофельными клецками,Супы,single,ING-0019,ING-0019,Картофель,Картофель для протирания,150,verified_primary_net,,NO,https://studopedia.net/17_42318_supi-s-makaronnimi-izdeliyami-domashney-lapshoy.html,YES
russian_normative_recipes_v22_5_row_nutrients_part2.xlsx,v13_part1,USSR82-263,263,Суп молочный с картофельными клецками,Супы,single,ING-0032,ING-0032,Масло сливочное,Масло сливочное,20,verified_primary_net,,NO,https://studopedia.net/17_42318_supi-s-makaronnimi-izdeliyami-domashney-lapshoy.html,YES
russian_normative_recipes_v22_5_row_nutrients_part2.xlsx,v13_part1,USSR82-263,263,Суп молочный с картофельными клецками,Супы,single,ING-0034,ING-0034,"Молоко 3,2%",Молоко,600,verified_primary_net,,NO,https://studopedia.net/17_42318_supi-s-makaronnimi-izdeliyami-domashney-lapshoy.html,YES
russian_normative_recipes_v22_5_row_nutrients_part2.xlsx,v13_part1,USSR82-263,263,Суп молочный с картофельными клецками,Супы,single,ING-0050,ING-0050,Соль поваренная,Соль,1.7,verified_primary_net,,NO,https://studopedia.net/17_42318_supi-s-makaronnimi-izdeliyami-domashney-lapshoy.html,YES
russian_normative_recipes_v22_5_row_nutrients_part2.xlsx,v13_part1,USSR82-264,264,Суп молочный с горохом и перловой крупой,Супы,I,ING-0006,ING-0006,Вода,Вода,120,verified_primary_net,,NO,https://studopedia.net/17_42318_supi-s-makaronnimi-izdeliyami-domashney-lapshoy.html,YES
russian_normative_recipes_v22_5_row_nutrients_part2.xlsx,v13_part1,USSR82-264,264,Суп молочный с горохом и перловой крупой,Супы,I,ING-0011,ING-0011,Горох лущеный,Горох лущеный,140,verified_primary_net,,NO,https://studopedia.net/17_42318_supi-s-makaronnimi-izdeliyami-domashney-lapshoy.html,YES
russian_normative_recipes_v22_5_row_nutrients_part2.xlsx,v13_part1,USSR82-264,264,Суп молочный с горохом и перловой крупой,Супы,I,ING-0022,ING-0022,Крупа перловая,Крупа перловая,40,verified_primary_net,,NO,https://studopedia.net/17_42318_supi-s-makaronnimi-izdeliyami-domashney-lapshoy.html,YES
russian_normative_recipes_v22_5_row_nutrients_part2.xlsx,v13_part1,USSR82-264,264,Суп молочный с горохом и перловой крупой,Супы,I,ING-0032,ING-0032,Масло сливочное,Масло сливочное,30,verified_primary_net,,NO,https://studopedia.net/17_42318_supi-s-makaronnimi-izdeliyami-domashney-lapshoy.html,YES
russian_normative_recipes_v22_5_row_nutrients_part2.xlsx,v13_part1,USSR82-264,264,Суп молочный с горохом и перловой крупой,Супы,I,ING-0034,ING-0034,"Молоко 3,2%",Молоко,500,verified_primary_net,,NO,https://studopedia.net/17_42318_supi-s-makaronnimi-izdeliyami-domashney-lapshoy.html,YES
russian_normative_recipes_v22_5_row_nutrients_part2.xlsx,v13_part1,USSR82-264,264,Суп молочный с горохом и перловой крупой,Супы,II,ING-0006,ING-0006,Вода,Вода,230,verified_primary_net,,NO,https://studopedia.net/17_42318_supi-s-makaronnimi-izdeliyami-domashney-lapshoy.html,YES
russian_normative_recipes_v22_5_row_nutrients_part2.xlsx,v13_part1,USSR82-264,264,Суп молочный с горохом и перловой крупой,Супы,II,ING-0011,ING-0011,Горох лущеный,Горох лущеный,140,verified_primary_net,,NO,https://studopedia.net/17_42318_supi-s-makaronnimi-izdeliyami-domashney-lapshoy.html,YES
russian_normative_recipes_v22_5_row_nutrients_part2.xlsx,v13_part1,USSR82-264,264,Суп молочный с горохом и перловой крупой,Супы,II,ING-0022,ING-0022,Крупа перловая,Крупа перловая,40,verified_primary_net,,NO,https://studopedia.net/17_42318_supi-s-makaronnimi-izdeliyami-domashney-lapshoy.html,YES
russian_normative_recipes_v22_5_row_nutrients_part2.xlsx,v13_part1,USSR82-264,264,Суп молочный с горохом и перловой крупой,Супы,II,ING-0032,ING-0032,Масло сливочное,Масло сливочное,20,verified_primary_net,,NO,https://studopedia.net/17_42318_supi-s-makaronnimi-izdeliyami-domashney-lapshoy.html,YES
russian_normative_recipes_v22_5_row_nutrients_part2.xlsx,v13_part1,USSR82-264,264,Суп молочный с горохом и перловой крупой,Супы,II,ING-0034,ING-0034,"Молоко 3,2%",Молоко,400,verified_primary_net,,NO,https://studopedia.net/17_42318_supi-s-makaronnimi-izdeliyami-domashney-lapshoy.html,YES
russian_normative_recipes_v22_5_row_nutrients_part2.xlsx,v13_part1,USSR82-265,265,Пиена зупа ар спеки (суп молочный с копченостями),Супы,single,ING-0006,ING-0006,Вода,Вода,200,verified_primary_net,,NO,https://studopedia.net/17_42318_supi-s-makaronnimi-izdeliyami-domashney-lapshoy.html,YES
russian_normative_recipes_v22_5_row_nutrients_part2.xlsx,v13_part1,USSR82-265,265,Пиена зупа ар спеки (суп молочный с копченостями),Супы,single,ING-0019,ING-0019,Картофель,Картофель,300,verified_primary_net,,NO,https://studopedia.net/17_42318_supi-s-makaronnimi-izdeliyami-domashney-lapshoy.html,YES
russian_normative_recipes_v22_5_row_nutrients_part2.xlsx,v13_part1,USSR82-265,265,Пиена зупа ар спеки (суп молочный с копченостями),Супы,single,ING-0028,ING-0028,Лук репчатый,Лук репчатый,40,verified_primary_net,,NO,https://studopedia.net/17_42318_supi-s-makaronnimi-izdeliyami-domashney-lapshoy.html,YES
russian_normative_recipes_v22_5_row_nutrients_part2.xlsx,v13_part1,USSR82-265,265,Пиена зупа ар спеки (суп молочный с копченостями),Супы,single,ING-0034,ING-0034,"Молоко 3,2%",Молоко,500,verified_primary_net,,NO,https://studopedia.net/17_42318_supi-s-makaronnimi-izdeliyami-domashney-lapshoy.html,YES
russian_normative_recipes_v22_5_row_nutrients_part2.xlsx,v13_part1,USSR82-265,265,Пиена зупа ар спеки (суп молочный с копченостями),Супы,single,ING-0035,ING-0035,Морковь,Морковь,80,verified_primary_net,,NO,https://studopedia.net/17_42318_supi-s-makaronnimi-izdeliyami-domashney-lapshoy.html,YES
russian_normative_recipes_v22_5_row_nutrients_part2.xlsx,v13_part1,USSR82-265,265,Пиена зупа ар спеки (суп молочный с копченостями),Супы,single,ING-0112,ING-0112,Свинокопчености,Корейка копченая без шкуры и костей,60,verified_primary_net,,NO,https://studopedia.net/17_42318_supi-s-makaronnimi-izdeliyami-domashney-lapshoy.html,YES
russian_normative_recipes_v22_5_row_nutrients_part2.xlsx,v13_part2,USSR82-282,282,"Рис, запеченный с овощами",Супы,I,ING-0012,ING-0012,Горошек зеленый консервированный,Горошек зеленый консервированный,10,verified_primary_net,,NO,https://studopedia.net/17_42319_supi-s-makaronnimi-izdeliyami-domashney-lapshoy.html,YES
russian_normative_recipes_v22_5_row_nutrients_part2.xlsx,v13_part2,USSR82-282,282,"Рис, запеченный с овощами",Супы,I,ING-0024,ING-0024,Крупа рисовая,Крупа рисовая,25,verified_primary_net,,NO,https://studopedia.net/17_42319_supi-s-makaronnimi-izdeliyami-domashney-lapshoy.html,YES
russian_normative_recipes_v22_5_row_nutrients_part2.xlsx,v13_part2,USSR82-282,282,"Рис, запеченный с овощами",Супы,I,ING-0032,ING-0032,Масло сливочное,Масло сливочное,20,verified_primary_net,,NO,https://studopedia.net/17_42319_supi-s-makaronnimi-izdeliyami-domashney-lapshoy.html,YES
russian_normative_recipes_v22_5_row_nutrients_part2.xlsx,v13_part2,USSR82-282,282,"Рис, запеченный с овощами",Супы,I,ING-0035,ING-0035,Морковь,Морковь,20,verified_primary_net,,NO,https://studopedia.net/17_42319_supi-s-makaronnimi-izdeliyami-domashney-lapshoy.html,YES
russian_normative_recipes_v22_5_row_nutrients_part2.xlsx,v13_part2,USSR82-282,282,"Рис, запеченный с овощами",Супы,I,ING-0041,ING-0041,Петрушка (корень),Петрушка (корень),10,verified_primary_alternative,white_root,NO,https://studopedia.net/17_42319_supi-s-makaronnimi-izdeliyami-domashney-lapshoy.html,YES
russian_normative_recipes_v22_5_row_nutrients_part2.xlsx,v13_part2,USSR82-282,282,"Рис, запеченный с овощами",Супы,I,ING-0055,ING-0055,Сыр твердый,Сыр,15,verified_primary_net,,NO,https://studopedia.net/17_42319_supi-s-makaronnimi-izdeliyami-domashney-lapshoy.html,YES
russian_normative_recipes_v22_5_row_nutrients_part2.xlsx,v13_part2,USSR82-282,282,"Рис, запеченный с овощами",Супы,I,ING-0071,ING-0071,Яйцо куриное,Яйца,13,verified_primary_net,,NO,https://studopedia.net/17_42319_supi-s-makaronnimi-izdeliyami-domashney-lapshoy.html,YES
russian_normative_recipes_v22_5_row_nutrients_part2.xlsx,v13_part2,USSR82-282,282,"Рис, запеченный с овощами",Супы,I,ING-0119,ING-0119,Лук-порей,Лук-порей,20,verified_primary_net,,NO,https://studopedia.net/17_42319_supi-s-makaronnimi-izdeliyami-domashney-lapshoy.html,YES
russian_normative_recipes_v22_5_row_nutrients_part2.xlsx,v13_part2,USSR82-282,282,"Рис, запеченный с овощами",Супы,I,ING-0137,ING-0137,Сельдерей (корень),Сельдерей (корень),10,verified_primary_alternative,white_root,NO,https://studopedia.net/17_42319_supi-s-makaronnimi-izdeliyami-domashney-lapshoy.html,YES
russian_normative_recipes_v22_5_row_nutrients_part2.xlsx,v13_part2,USSR82-282,282,"Рис, запеченный с овощами",Супы,II,ING-0012,ING-0012,Горошек зеленый консервированный,Горошек зеленый консервированный,10,verified_primary_net,,NO,https://studopedia.net/17_42319_supi-s-makaronnimi-izdeliyami-domashney-lapshoy.html,YES
russian_normative_recipes_v22_5_row_nutrients_part2.xlsx,v13_part2,USSR82-282,282,"Рис, запеченный с овощами",Супы,II,ING-0024,ING-0024,Крупа рисовая,Крупа рисовая,25,verified_primary_net,,NO,https://studopedia.net/17_42319_supi-s-makaronnimi-izdeliyami-domashney-lapshoy.html,YES
russian_normative_recipes_v22_5_row_nutrients_part2.xlsx,v13_part2,USSR82-282,282,"Рис, запеченный с овощами",Супы,II,ING-0032,ING-0032,Масло сливочное,Масло сливочное,15,verified_primary_net,,NO,https://studopedia.net/17_42319_supi-s-makaronnimi-izdeliyami-domashney-lapshoy.html,YES
russian_normative_recipes_v22_5_row_nutrients_part2.xlsx,v13_part2,USSR82-282,282,"Рис, запеченный с овощами",Супы,II,ING-0035,ING-0035,Морковь,Морковь,20,verified_primary_net,,NO,https://studopedia.net/17_42319_supi-s-makaronnimi-izdeliyami-domashney-lapshoy.html,YES
russian_normative_recipes_v22_5_row_nutrients_part2.xlsx,v13_part2,USSR82-282,282,"Рис, запеченный с овощами",Супы,II,ING-0041,ING-0041,Петрушка (корень),Петрушка (корень),10,verified_primary_alternative,white_root,NO,https://studopedia.net/17_42319_supi-s-makaronnimi-izdeliyami-domashney-lapshoy.html,YES
russian_normative_recipes_v22_5_row_nutrients_part2.xlsx,v13_part2,USSR82-282,282,"Рис, запеченный с овощами",Супы,II,ING-0055,ING-0055,Сыр твердый,Сыр,10,verified_primary_net,,NO,https://studopedia.net/17_42319_supi-s-makaronnimi-izdeliyami-domashney-lapshoy.html,YES
russian_normative_recipes_v22_5_row_nutrients_part2.xlsx,v13_part2,USSR82-282,282,"Рис, запеченный с овощами",Супы,II,ING-0071,ING-0071,Яйцо куриное,Яйца,8,verified_primary_net,,NO,https://studopedia.net/17_42319_supi-s-makaronnimi-izdeliyami-domashney-lapshoy.html,YES
russian_normative_recipes_v22_5_row_nutrients_part2.xlsx,v13_part2,USSR82-282,282,"Рис, запеченный с овощами",Супы,II,ING-0119,ING-0119,Лук-порей,Лук-порей,20,verified_primary_net,,NO,https://studopedia.net/17_42319_supi-s-makaronnimi-izdeliyami-domashney-lapshoy.html,YES
russian_normative_recipes_v22_5_row_nutrients_part2.xlsx,v13_part2,USSR82-282,282,"Рис, запеченный с овощами",Супы,II,ING-0137,ING-0137,Сельдерей (корень),Сельдерей (корень),10,verified_primary_alternative,white_root,NO,https://studopedia.net/17_42319_supi-s-makaronnimi-izdeliyami-domashney-lapshoy.html,YES
russian_normative_recipes_v22_5_row_nutrients_part2.xlsx,v13_part2,USSR82-283,283,Овощи,Супы,I,ING-0032,ING-0032,Масло сливочное,Масло сливочное,10,verified_primary_net,,NO,https://studopedia.net/17_42319_supi-s-makaronnimi-izdeliyami-domashney-lapshoy.html,YES
russian_normative_recipes_v22_5_row_nutrients_part2.xlsx,v13_part2,USSR82-283,283,Овощи,Супы,I,ING-0035,ING-0035,Морковь,Морковь,60,verified_primary_net,,NO,https://studopedia.net/17_42319_supi-s-makaronnimi-izdeliyami-domashney-lapshoy.html,YES
russian_normative_recipes_v22_5_row_nutrients_part2.xlsx,v13_part2,USSR82-283,283,Овощи,Супы,I,ING-0041,ING-0041,Петрушка (корень),Петрушка (корень),20,verified_primary_net,,NO,https://studopedia.net/17_42319_supi-s-makaronnimi-izdeliyami-domashney-lapshoy.html,YES
russian_normative_recipes_v22_5_row_nutrients_part2.xlsx,v13_part2,USSR82-283,283,Овощи,Супы,I,ING-0073,ING-0073,Салат листовой,Салат,10,verified_primary_alternative,leaf,NO,https://studopedia.net/17_42319_supi-s-makaronnimi-izdeliyami-domashney-lapshoy.html,YES
russian_normative_recipes_v22_5_row_nutrients_part2.xlsx,v13_part2,USSR82-283,283,Овощи,Супы,I,ING-0117,ING-0117,Шпинат,Шпинат,10,verified_primary_alternative,leaf,NO,https://studopedia.net/17_42319_supi-s-makaronnimi-izdeliyami-domashney-lapshoy.html,YES
russian_normative_recipes_v22_5_row_nutrients_part2.xlsx,v13_part2,USSR82-283,283,Овощи,Супы,I,ING-0119,ING-0119,Лук-порей,Лук-порей,30,verified_primary_net,,NO,https://studopedia.net/17_42319_supi-s-makaronnimi-izdeliyami-domashney-lapshoy.html,YES
russian_normative_recipes_v22_5_row_nutrients_part2.xlsx,v13_part2,USSR82-283,283,Овощи,Супы,I,ING-0137,ING-0137,Сельдерей (корень),Сельдерей (корень),5,verified_primary_net,,NO,https://studopedia.net/17_42319_supi-s-makaronnimi-izdeliyami-domashney-lapshoy.html,YES
russian_normative_recipes_v22_5_row_nutrients_part2.xlsx,v13_part2,USSR82-283,283,Овощи,Супы,II,ING-0032,ING-0032,Масло сливочное,Масло сливочное,10,verified_primary_net,,NO,https://studopedia.net/17_42319_supi-s-makaronnimi-izdeliyami-domashney-lapshoy.html,YES
russian_normative_recipes_v22_5_row_nutrients_part2.xlsx,v13_part2,USSR82-283,283,Овощи,Супы,II,ING-0035,ING-0035,Морковь,Морковь,60,verified_primary_net,,NO,https://studopedia.net/17_42319_supi-s-makaronnimi-izdeliyami-domashney-lapshoy.html,YES
russian_normative_recipes_v22_5_row_nutrients_part2.xlsx,v13_part2,USSR82-283,283,Овощи,Супы,II,ING-0041,ING-0041,Петрушка (корень),Петрушка (корень),20,verified_primary_net,,NO,https://studopedia.net/17_42319_supi-s-makaronnimi-izdeliyami-domashney-lapshoy.html,YES
russian_normative_recipes_v22_5_row_nutrients_part2.xlsx,v13_part2,USSR82-283,283,Овощи,Супы,II,ING-0073,ING-0073,Салат листовой,Салат,15,verified_primary_alternative,leaf,NO,https://studopedia.net/17_42319_supi-s-makaronnimi-izdeliyami-domashney-lapshoy.html,YES
russian_normative_recipes_v22_5_row_nutrients_part2.xlsx,v13_part2,USSR82-283,283,Овощи,Супы,II,ING-0077,ING-0077,Репа,Репа,20,verified_primary_alternative,root,NO,https://studopedia.net/17_42319_supi-s-makaronnimi-izdeliyami-domashney-lapshoy.html,YES
russian_normative_recipes_v22_5_row_nutrients_part2.xlsx,v13_part2,USSR82-283,283,Овощи,Супы,II,ING-0117,ING-0117,Шпинат,Шпинат,15,verified_primary_alternative,leaf,NO,https://studopedia.net/17_42319_supi-s-makaronnimi-izdeliyami-domashney-lapshoy.html,YES
russian_normative_recipes_v22_5_row_nutrients_part2.xlsx,v13_part2,USSR82-283,283,Овощи,Супы,II,ING-0180,ING-0180,Брюква,Брюква,20,verified_primary_alternative,root,NO,https://studopedia.net/17_42319_supi-s-makaronnimi-izdeliyami-domashney-lapshoy.html,YES
russian_normative_recipes_v22_5_row_nutrients_part2.xlsx,v13_part2,USSR82-283,283,Овощи,Супы,III,ING-0017,ING-0017,Капуста белокочанная,Капуста белокочанная,30,verified_primary_net,,NO,https://studopedia.net/17_42319_supi-s-makaronnimi-izdeliyami-domashney-lapshoy.html,YES
russian_normative_recipes_v22_5_row_nutrients_part2.xlsx,v13_part2,USSR82-283,283,Овощи,Супы,III,ING-0032,ING-0032,Масло сливочное,Масло сливочное,10,verified_primary_net,,NO,https://studopedia.net/17_42319_supi-s-makaronnimi-izdeliyami-domashney-lapshoy.html,YES
russian_normative_recipes_v22_5_row_nutrients_part2.xlsx,v13_part2,USSR82-283,283,Овощи,Супы,III,ING-0035,ING-0035,Морковь,Морковь,60,verified_primary_net,,NO,https://studopedia.net/17_42319_supi-s-makaronnimi-izdeliyami-domashney-lapshoy.html,YES
russian_normative_recipes_v22_5_row_nutrients_part2.xlsx,v13_part2,USSR82-283,283,Овощи,Супы,III,ING-0041,ING-0041,Петрушка (корень),Петрушка (корень),5,verified_primary_net,,NO,https://studopedia.net/17_42319_supi-s-makaronnimi-izdeliyami-domashney-lapshoy.html,YES
russian_normative_recipes_v22_5_row_nutrients_part2.xlsx,v13_part2,USSR82-283,283,Овощи,Супы,III,ING-0077,ING-0077,Репа,Репа,20,verified_primary_alternative,root,NO,https://studopedia.net/17_42319_supi-s-makaronnimi-izdeliyami-domashney-lapshoy.html,YES
russian_normative_recipes_v22_5_row_nutrients_part2.xlsx,v13_part2,USSR82-283,283,Овощи,Супы,III,ING-0180,ING-0180,Брюква,Брюква,20,verified_primary_alternative,root,NO,https://studopedia.net/17_42319_supi-s-makaronnimi-izdeliyami-domashney-lapshoy.html,YES
russian_normative_recipes_v22_5_row_nutrients_part2.xlsx,v13_part2,USSR82-284,284,Овощи и зелень,Супы,I,ING-0012,ING-0012,Горошек зеленый консервированный,Горошек зеленый консервированный,40,verified_primary_alternative,green_legume,NO,https://studopedia.net/17_42319_supi-s-makaronnimi-izdeliyami-domashney-lapshoy.html,YES
russian_normative_recipes_v22_5_row_nutrients_part2.xlsx,v13_part2,USSR82-284,284,Овощи и зелень,Супы,I,ING-0018,ING-0018,Капуста цветная,Капуста цветная,50,verified_primary_net,,NO,https://studopedia.net/17_42319_supi-s-makaronnimi-izdeliyami-domashney-lapshoy.html,YES
russian_normative_recipes_v22_5_row_nutrients_part2.xlsx,v13_part2,USSR82-284,284,Овощи и зелень,Супы,I,ING-0035,ING-0035,Морковь,Морковь,25,verified_primary_net,,NO,https://studopedia.net/17_42319_supi-s-makaronnimi-izdeliyami-domashney-lapshoy.html,YES
russian_normative_recipes_v22_5_row_nutrients_part2.xlsx,v13_part2,USSR82-284,284,Овощи и зелень,Супы,I,ING-0041,ING-0041,Петрушка (корень),Петрушка (корень),5,verified_primary_net,,NO,https://studopedia.net/17_42319_supi-s-makaronnimi-izdeliyami-domashney-lapshoy.html,YES
russian_normative_recipes_v22_5_row_nutrients_part2.xlsx,v13_part2,USSR82-284,284,Овощи и зелень,Супы,I,ING-0050,ING-0050,Соль поваренная,Соль для варки овощей,10,verified_primary_net,,NO,https://studopedia.net/17_42319_supi-s-makaronnimi-izdeliyami-domashney-lapshoy.html,YES
russian_normative_recipes_v22_5_row_nutrients_part2.xlsx,v13_part2,USSR82-284,284,Овощи и зелень,Супы,I,ING-0077,ING-0077,Репа,Репа,25,verified_primary_alternative,root,NO,https://studopedia.net/17_42319_supi-s-makaronnimi-izdeliyami-domashney-lapshoy.html,YES
russian_normative_recipes_v22_5_row_nutrients_part2.xlsx,v13_part2,USSR82-284,284,Овощи и зелень,Супы,I,ING-0144,ING-0144,Фасоль овощная (лопатка),Фасоль овощная (лопатка),40,verified_primary_alternative,green_legume,NO,https://studopedia.net/17_42319_supi-s-makaronnimi-izdeliyami-domashney-lapshoy.html,YES
russian_normative_recipes_v22_5_row_nutrients_part2.xlsx,v13_part2,USSR82-284,284,Овощи и зелень,Супы,I,ING-0180,ING-0180,Брюква,Брюква,25,verified_primary_alternative,root,NO,https://studopedia.net/17_42319_supi-s-makaronnimi-izdeliyami-domashney-lapshoy.html,YES
russian_normative_recipes_v22_5_row_nutrients_part2.xlsx,v13_part2,USSR82-284,284,Овощи и зелень,Супы,I,ING-0192,ING-0192,Горох овощной (лопатка),Горох овощной (лопатка),40,verified_primary_alternative,green_legume,NO,https://studopedia.net/17_42319_supi-s-makaronnimi-izdeliyami-domashney-lapshoy.html,YES
russian_normative_recipes_v22_5_row_nutrients_part2.xlsx,v13_part2,USSR82-284,284,Овощи и зелень,Супы,II,ING-0012,ING-0012,Горошек зеленый консервированный,Горошек зеленый консервированный,40,verified_primary_alternative,green_legume,NO,https://studopedia.net/17_42319_supi-s-makaronnimi-izdeliyami-domashney-lapshoy.html,YES
russian_normative_recipes_v22_5_row_nutrients_part2.xlsx,v13_part2,USSR82-284,284,Овощи и зелень,Супы,II,ING-0018,ING-0018,Капуста цветная,Капуста цветная,30,verified_primary_net,,NO,https://studopedia.net/17_42319_supi-s-makaronnimi-izdeliyami-domashney-lapshoy.html,YES
russian_normative_recipes_v22_5_row_nutrients_part2.xlsx,v13_part2,USSR82-284,284,Овощи и зелень,Супы,II,ING-0035,ING-0035,Морковь,Морковь,30,verified_primary_net,,NO,https://studopedia.net/17_42319_supi-s-makaronnimi-izdeliyami-domashney-lapshoy.html,YES
russian_normative_recipes_v22_5_row_nutrients_part2.xlsx,v13_part2,USSR82-284,284,Овощи и зелень,Супы,II,ING-0041,ING-0041,Петрушка (корень),Петрушка (корень),10,verified_primary_net,,NO,https://studopedia.net/17_42319_supi-s-makaronnimi-izdeliyami-domashney-lapshoy.html,YES
russian_normative_recipes_v22_5_row_nutrients_part2.xlsx,v13_part2,USSR82-284,284,Овощи и зелень,Супы,II,ING-0050,ING-0050,Соль поваренная,Соль для варки овощей,10,verified_primary_net,,NO,https://studopedia.net/17_42319_supi-s-makaronnimi-izdeliyami-domashney-lapshoy.html,YES
russian_normative_recipes_v22_5_row_nutrients_part2.xlsx,v13_part2,USSR82-284,284,Овощи и зелень,Супы,II,ING-0077,ING-0077,Репа,Репа,15,verified_primary_alternative,root,NO,https://studopedia.net/17_42319_supi-s-makaronnimi-izdeliyami-domashney-lapshoy.html,YES
russian_normative_recipes_v22_5_row_nutrients_part2.xlsx,v13_part2,USSR82-284,284,Овощи и зелень,Супы,II,ING-0137,ING-0137,Сельдерей (корень),Сельдерей (корень),5,verified_primary_net,,NO,https://studopedia.net/17_42319_supi-s-makaronnimi-izdeliyami-domashney-lapshoy.html,YES
russian_normative_recipes_v22_5_row_nutrients_part2.xlsx,v13_part2,USSR82-284,284,Овощи и зелень,Супы,II,ING-0144,ING-0144,Фасоль овощная (лопатка),Фасоль овощная (лопатка),40,verified_primary_alternative,green_legume,NO,https://studopedia.net/17_42319_supi-s-makaronnimi-izdeliyami-domashney-lapshoy.html,YES
russian_normative_recipes_v22_5_row_nutrients_part2.xlsx,v13_part2,USSR82-284,284,Овощи и зелень,Супы,II,ING-0180,ING-0180,Брюква,Брюква,15,verified_primary_alternative,root,NO,https://studopedia.net/17_42319_supi-s-makaronnimi-izdeliyami-domashney-lapshoy.html,YES
russian_normative_recipes_v22_5_row_nutrients_part2.xlsx,v13_part2,USSR82-284,284,Овощи и зелень,Супы,II,ING-0192,ING-0192,Горох овощной (лопатка),Горох овощной (лопатка),40,verified_primary_alternative,green_legume,NO,https://studopedia.net/17_42319_supi-s-makaronnimi-izdeliyami-domashney-lapshoy.html,YES
russian_normative_recipes_v22_5_row_nutrients_part2.xlsx,v13_part2,USSR82-284,284,Овощи и зелень,Супы,III,ING-0012,ING-0012,Горошек зеленый консервированный,Горошек зеленый консервированный,20,verified_primary_alternative,green_legume,NO,https://studopedia.net/17_42319_supi-s-makaronnimi-izdeliyami-domashney-lapshoy.html,YES
russian_normative_recipes_v22_5_row_nutrients_part2.xlsx,v13_part2,USSR82-284,284,Овощи и зелень,Супы,III,ING-0035,ING-0035,Морковь,Морковь,40,verified_primary_net,,NO,https://studopedia.net/17_42319_supi-s-makaronnimi-izdeliyami-domashney-lapshoy.html,YES
russian_normative_recipes_v22_5_row_nutrients_part2.xlsx,v13_part2,USSR82-284,284,Овощи и зелень,Супы,III,ING-0041,ING-0041,Петрушка (корень),Петрушка (корень),10,verified_primary_net,,NO,https://studopedia.net/17_42319_supi-s-makaronnimi-izdeliyami-domashney-lapshoy.html,YES
russian_normative_recipes_v22_5_row_nutrients_part2.xlsx,v13_part2,USSR82-284,284,Овощи и зелень,Супы,III,ING-0050,ING-0050,Соль поваренная,Соль для варки овощей,10,verified_primary_net,,NO,https://studopedia.net/17_42319_supi-s-makaronnimi-izdeliyami-domashney-lapshoy.html,YES
russian_normative_recipes_v22_5_row_nutrients_part2.xlsx,v13_part2,USSR82-284,284,Овощи и зелень,Супы,III,ING-0073,ING-0073,Салат листовой,Салат,10,verified_primary_alternative,leaf,NO,https://studopedia.net/17_42319_supi-s-makaronnimi-izdeliyami-domashney-lapshoy.html,YES
russian_normative_recipes_v22_5_row_nutrients_part2.xlsx,v13_part2,USSR82-284,284,Овощи и зелень,Супы,III,ING-0077,ING-0077,Репа,Репа,25,verified_primary_alternative,root,NO,https://studopedia.net/17_42319_supi-s-makaronnimi-izdeliyami-domashney-lapshoy.html,YES
russian_normative_recipes_v22_5_row_nutrients_part2.xlsx,v13_part2,USSR82-284,284,Овощи и зелень,Супы,III,ING-0117,ING-0117,Шпинат,Шпинат,10,verified_primary_alternative,leaf,NO,https://studopedia.net/17_42319_supi-s-makaronnimi-izdeliyami-domashney-lapshoy.html,YES
russian_normative_recipes_v22_5_row_nutrients_part2.xlsx,v13_part2,USSR82-284,284,Овощи и зелень,Супы,III,ING-0137,ING-0137,Сельдерей (корень),Сельдерей (корень),5,verified_primary_net,,NO,https://studopedia.net/17_42319_supi-s-makaronnimi-izdeliyami-domashney-lapshoy.html,YES
russian_normative_recipes_v22_5_row_nutrients_part2.xlsx,v13_part2,USSR82-284,284,Овощи и зелень,Супы,III,ING-0180,ING-0180,Брюква,Брюква,25,verified_primary_alternative,root,NO,https://studopedia.net/17_42319_supi-s-makaronnimi-izdeliyami-domashney-lapshoy.html,YES
russian_normative_recipes_v22_5_row_nutrients_part2.xlsx,v13_part2,USSR82-286,286,Капуста цветная или брюссельская,Супы,single,ING-0018,ING-0018,Капуста цветная,Капуста цветная,111,verified_primary_alternative,cabbage,NO,https://studopedia.net/17_42320_supi-s-makaronnimi-izdeliyami-domashney-lapshoy.html,YES
russian_normative_recipes_v22_5_row_nutrients_part2.xlsx,v13_part2,USSR82-286,286,Капуста цветная или брюссельская,Супы,single,ING-0050,ING-0050,Соль поваренная,Соль для варки овощей,10,verified_primary_net,,NO,https://studopedia.net/17_42320_supi-s-makaronnimi-izdeliyami-domashney-lapshoy.html,YES
russian_normative_recipes_v22_5_row_nutrients_part2.xlsx,v13_part2,USSR82-286,286,Капуста цветная или брюссельская,Супы,single,ING-0191,ING-0191,Капуста брюссельская,Капуста брюссельская,118,verified_primary_alternative,cabbage,NO,https://studopedia.net/17_42320_supi-s-makaronnimi-izdeliyami-domashney-lapshoy.html,YES
russian_normative_recipes_v22_5_row_nutrients_part2.xlsx,v13_part2,USSR82-287,287,Капуста савойская и овощи,Супы,I,ING-0028,ING-0028,Лук репчатый,Лук репчатый,10,verified_primary_net,,NO,https://studopedia.net/17_42320_supi-s-makaronnimi-izdeliyami-domashney-lapshoy.html,YES
russian_normative_recipes_v22_5_row_nutrients_part2.xlsx,v13_part2,USSR82-287,287,Капуста савойская и овощи,Супы,I,ING-0035,ING-0035,Морковь,Морковь,10,verified_primary_net,,NO,https://studopedia.net/17_42320_supi-s-makaronnimi-izdeliyami-domashney-lapshoy.html,YES
russian_normative_recipes_v22_5_row_nutrients_part2.xlsx,v13_part2,USSR82-287,287,Капуста савойская и овощи,Супы,I,ING-0041,ING-0041,Петрушка (корень),Петрушка (корень),5,verified_primary_net,,NO,https://studopedia.net/17_42320_supi-s-makaronnimi-izdeliyami-domashney-lapshoy.html,YES
russian_normative_recipes_v22_5_row_nutrients_part2.xlsx,v13_part2,USSR82-287,287,Капуста савойская и овощи,Супы,I,ING-0050,ING-0050,Соль поваренная,Соль для варки овощей,10,verified_primary_net,,NO,https://studopedia.net/17_42320_supi-s-makaronnimi-izdeliyami-domashney-lapshoy.html,YES
russian_normative_recipes_v22_5_row_nutrients_part2.xlsx,v13_part2,USSR82-287,287,Капуста савойская и овощи,Супы,I,ING-0058,ING-0058,Томат свежий,Помидоры свежие,40,verified_primary_net,,NO,https://studopedia.net/17_42320_supi-s-makaronnimi-izdeliyami-domashney-lapshoy.html,YES
russian_normative_recipes_v22_5_row_nutrients_part2.xlsx,v13_part2,USSR82-287,287,Капуста савойская и овощи,Супы,I,ING-0077,ING-0077,Репа,Репа,15,verified_primary_net,,NO,https://studopedia.net/17_42320_supi-s-makaronnimi-izdeliyami-domashney-lapshoy.html,YES
russian_normative_recipes_v22_5_row_nutrients_part2.xlsx,v13_part2,USSR82-287,287,Капуста савойская и овощи,Супы,I,ING-0119,ING-0119,Лук-порей,Лук-порей,20,verified_primary_net,,NO,https://studopedia.net/17_42320_supi-s-makaronnimi-izdeliyami-domashney-lapshoy.html,YES
russian_normative_recipes_v22_5_row_nutrients_part2.xlsx,v13_part2,USSR82-287,287,Капуста савойская и овощи,Супы,I,ING-0137,ING-0137,Сельдерей (корень),Сельдерей (корень),5,verified_primary_net,,NO,https://studopedia.net/17_42320_supi-s-makaronnimi-izdeliyami-domashney-lapshoy.html,YES
russian_normative_recipes_v22_5_row_nutrients_part2.xlsx,v13_part2,USSR82-287,287,Капуста савойская и овощи,Супы,I,ING-0190,ING-0190,Капуста савойская,Капуста савойская,50,verified_primary_net,,NO,https://studopedia.net/17_42320_supi-s-makaronnimi-izdeliyami-domashney-lapshoy.html,YES
russian_normative_recipes_v22_5_row_nutrients_part2.xlsx,v13_part2,USSR82-287,287,Капуста савойская и овощи,Супы,II,ING-0028,ING-0028,Лук репчатый,Лук репчатый,30,verified_primary_net,,NO,https://studopedia.net/17_42320_supi-s-makaronnimi-izdeliyami-domashney-lapshoy.html,YES
russian_normative_recipes_v22_5_row_nutrients_part2.xlsx,v13_part2,USSR82-287,287,Капуста савойская и овощи,Супы,II,ING-0035,ING-0035,Морковь,Морковь,20,verified_primary_net,,NO,https://studopedia.net/17_42320_supi-s-makaronnimi-izdeliyami-domashney-lapshoy.html,YES
russian_normative_recipes_v22_5_row_nutrients_part2.xlsx,v13_part2,USSR82-287,287,Капуста савойская и овощи,Супы,II,ING-0041,ING-0041,Петрушка (корень),Петрушка (корень),5,verified_primary_net,,NO,https://studopedia.net/17_42320_supi-s-makaronnimi-izdeliyami-domashney-lapshoy.html,YES
russian_normative_recipes_v22_5_row_nutrients_part2.xlsx,v13_part2,USSR82-287,287,Капуста савойская и овощи,Супы,II,ING-0050,ING-0050,Соль поваренная,Соль для варки овощей,10,verified_primary_net,,NO,https://studopedia.net/17_42320_supi-s-makaronnimi-izdeliyami-domashney-lapshoy.html,YES
russian_normative_recipes_v22_5_row_nutrients_part2.xlsx,v13_part2,USSR82-287,287,Капуста савойская и овощи,Супы,II,ING-0058,ING-0058,Томат свежий,Помидоры свежие,25,verified_primary_net,,NO,https://studopedia.net/17_42320_supi-s-makaronnimi-izdeliyami-domashney-lapshoy.html,YES
russian_normative_recipes_v22_5_row_nutrients_part2.xlsx,v13_part2,USSR82-287,287,Капуста савойская и овощи,Супы,II,ING-0137,ING-0137,Сельдерей (корень),Сельдерей (корень),5,verified_primary_net,,NO,https://studopedia.net/17_42320_supi-s-makaronnimi-izdeliyami-domashney-lapshoy.html,YES
russian_normative_recipes_v22_5_row_nutrients_part2.xlsx,v13_part2,USSR82-287,287,Капуста савойская и овощи,Супы,II,ING-0190,ING-0190,Капуста савойская,Капуста савойская,50,verified_primary_net,,NO,https://studopedia.net/17_42320_supi-s-makaronnimi-izdeliyami-domashney-lapshoy.html,YES
russian_normative_recipes_v22_5_row_nutrients_part2.xlsx,v13_part2,USSR82-288,288,Омлет натуральный,Супы,I,ING-0032,ING-0032,Масло сливочное,Масло сливочное,1,verified_primary_net,,NO,https://studopedia.net/17_42320_supi-s-makaronnimi-izdeliyami-domashney-lapshoy.html,YES
russian_normative_recipes_v22_5_row_nutrients_part2.xlsx,v13_part2,USSR82-288,288,Омлет натуральный,Супы,I,ING-0034,ING-0034,"Молоко 3,2%",Молоко,30,verified_primary_net,,NO,https://studopedia.net/17_42320_supi-s-makaronnimi-izdeliyami-domashney-lapshoy.html,YES
russian_normative_recipes_v22_5_row_nutrients_part2.xlsx,v13_part2,USSR82-288,288,Омлет натуральный,Супы,I,ING-0050,ING-0050,Соль поваренная,Соль,1,verified_primary_net,,NO,https://studopedia.net/17_42320_supi-s-makaronnimi-izdeliyami-domashney-lapshoy.html,YES
russian_normative_recipes_v22_5_row_nutrients_part2.xlsx,v13_part2,USSR82-288,288,Омлет натуральный,Супы,I,ING-0071,ING-0071,Яйцо куриное,Яйца,30,verified_primary_net,,NO,https://studopedia.net/17_42320_supi-s-makaronnimi-izdeliyami-domashney-lapshoy.html,YES
russian_normative_recipes_v22_5_row_nutrients_part2.xlsx,v13_part2,USSR82-288,288,Омлет натуральный,Супы,II,ING-0032,ING-0032,Масло сливочное,Масло сливочное,1,verified_primary_net,,NO,https://studopedia.net/17_42320_supi-s-makaronnimi-izdeliyami-domashney-lapshoy.html,YES
russian_normative_recipes_v22_5_row_nutrients_part2.xlsx,v13_part2,USSR82-288,288,Омлет натуральный,Супы,II,ING-0034,ING-0034,"Молоко 3,2%",Молоко,25,verified_primary_net,,NO,https://studopedia.net/17_42320_supi-s-makaronnimi-izdeliyami-domashney-lapshoy.html,YES
russian_normative_recipes_v22_5_row_nutrients_part2.xlsx,v13_part2,USSR82-288,288,Омлет натуральный,Супы,II,ING-0050,ING-0050,Соль поваренная,Соль,1,verified_primary_net,,NO,https://studopedia.net/17_42320_supi-s-makaronnimi-izdeliyami-domashney-lapshoy.html,YES
russian_normative_recipes_v22_5_row_nutrients_part2.xlsx,v13_part2,USSR82-288,288,Омлет натуральный,Супы,II,ING-0071,ING-0071,Яйцо куриное,Яйца,20,verified_primary_net,,NO,https://studopedia.net/17_42320_supi-s-makaronnimi-izdeliyami-domashney-lapshoy.html,YES
russian_normative_recipes_v22_5_row_nutrients_part2.xlsx,v13_part2,USSR82-296,296,Уха рыбацкая,Супы,I,ING-0006,ING-0006,Вода,Вода,1100,verified_primary_net,,NO,https://studopedia.net/17_42320_supi-s-makaronnimi-izdeliyami-domashney-lapshoy.html,YES
russian_normative_recipes_v22_5_row_nutrients_part2.xlsx,v13_part2,USSR82-296,296,Уха рыбацкая,Супы,I,ING-0019,ING-0019,Картофель,Картофель,300,verified_primary_net,,NO,https://studopedia.net/17_42320_supi-s-makaronnimi-izdeliyami-domashney-lapshoy.html,YES
russian_normative_recipes_v22_5_row_nutrients_part2.xlsx,v13_part2,USSR82-296,296,Уха рыбацкая,Супы,I,ING-0028,ING-0028,Лук репчатый,Лук репчатый,50,verified_primary_net,,NO,https://studopedia.net/17_42320_supi-s-makaronnimi-izdeliyami-domashney-lapshoy.html,YES
russian_normative_recipes_v22_5_row_nutrients_part2.xlsx,v13_part2,USSR82-296,296,Уха рыбацкая,Супы,I,ING-0032,ING-0032,Масло сливочное,Масло сливочное,20,verified_primary_net,,NO,https://studopedia.net/17_42320_supi-s-makaronnimi-izdeliyami-domashney-lapshoy.html,YES
russian_normative_recipes_v22_5_row_nutrients_part2.xlsx,v13_part2,USSR82-296,296,Уха рыбацкая,Супы,I,ING-0041,ING-0041,Петрушка (корень),Петрушка (корень),10,verified_primary_net,,NO,https://studopedia.net/17_42320_supi-s-makaronnimi-izdeliyami-domashney-lapshoy.html,YES
russian_normative_recipes_v22_5_row_nutrients_part2.xlsx,v13_part2,USSR82-296,296,Уха рыбацкая,Супы,I,ING-0078,ING-0078,Петрушка зелень,Петрушка (зелень),4,verified_primary_alternative,greens,NO,https://studopedia.net/17_42320_supi-s-makaronnimi-izdeliyami-domashney-lapshoy.html,YES
russian_normative_recipes_v22_5_row_nutrients_part2.xlsx,v13_part2,USSR82-296,296,Уха рыбацкая,Супы,I,ING-0175,ING-0175,Судак,Судак,188,verified_primary_alternative,fish,NO,https://studopedia.net/17_42320_supi-s-makaronnimi-izdeliyami-domashney-lapshoy.html,YES
russian_normative_recipes_v22_5_row_nutrients_part2.xlsx,v13_part2,USSR82-296,296,Уха рыбацкая,Супы,I,ING-0195,ING-0195,Налим,Налим,183,verified_primary_alternative,fish,NO,https://studopedia.net/17_42320_supi-s-makaronnimi-izdeliyami-domashney-lapshoy.html,YES
russian_normative_recipes_v22_5_row_nutrients_part2.xlsx,v13_part2,USSR82-296,296,Уха рыбацкая,Супы,I,ING-0207,ING-0207,Укроп,Укроп,4,verified_primary_alternative,greens,NO,https://studopedia.net/17_42320_supi-s-makaronnimi-izdeliyami-domashney-lapshoy.html,YES
russian_normative_recipes_v22_5_row_nutrients_part2.xlsx,v13_part2,USSR82-296,296,Уха рыбацкая,Супы,II,ING-0006,ING-0006,Вода,Вода,1100,verified_primary_net,,NO,https://studopedia.net/17_42320_supi-s-makaronnimi-izdeliyami-domashney-lapshoy.html,YES
russian_normative_recipes_v22_5_row_nutrients_part2.xlsx,v13_part2,USSR82-296,296,Уха рыбацкая,Супы,II,ING-0019,ING-0019,Картофель,Картофель,300,verified_primary_net,,NO,https://studopedia.net/17_42320_supi-s-makaronnimi-izdeliyami-domashney-lapshoy.html,YES
russian_normative_recipes_v22_5_row_nutrients_part2.xlsx,v13_part2,USSR82-296,296,Уха рыбацкая,Супы,II,ING-0028,ING-0028,Лук репчатый,Лук репчатый,50,verified_primary_net,,NO,https://studopedia.net/17_42320_supi-s-makaronnimi-izdeliyami-domashney-lapshoy.html,YES
russian_normative_recipes_v22_5_row_nutrients_part2.xlsx,v13_part2,USSR82-296,296,Уха рыбацкая,Супы,II,ING-0032,ING-0032,Масло сливочное,Масло сливочное,16,verified_primary_net,,NO,https://studopedia.net/17_42320_supi-s-makaronnimi-izdeliyami-domashney-lapshoy.html,YES
russian_normative_recipes_v22_5_row_nutrients_part2.xlsx,v13_part2,USSR82-296,296,Уха рыбацкая,Супы,II,ING-0041,ING-0041,Петрушка (корень),Петрушка (корень),10,verified_primary_net,,NO,https://studopedia.net/17_42320_supi-s-makaronnimi-izdeliyami-domashney-lapshoy.html,YES
russian_normative_recipes_v22_5_row_nutrients_part2.xlsx,v13_part2,USSR82-296,296,Уха рыбацкая,Супы,II,ING-0078,ING-0078,Петрушка зелень,Петрушка (зелень),4,verified_primary_alternative,greens,NO,https://studopedia.net/17_42320_supi-s-makaronnimi-izdeliyami-domashney-lapshoy.html,YES
russian_normative_recipes_v22_5_row_nutrients_part2.xlsx,v13_part2,USSR82-296,296,Уха рыбацкая,Супы,II,ING-0175,ING-0175,Судак,Судак,125,verified_primary_alternative,fish,NO,https://studopedia.net/17_42320_supi-s-makaronnimi-izdeliyami-domashney-lapshoy.html,YES
russian_normative_recipes_v22_5_row_nutrients_part2.xlsx,v13_part2,USSR82-296,296,Уха рыбацкая,Супы,II,ING-0195,ING-0195,Налим,Налим,122,verified_primary_alternative,fish,NO,https://studopedia.net/17_42320_supi-s-makaronnimi-izdeliyami-domashney-lapshoy.html,YES
russian_normative_recipes_v22_5_row_nutrients_part2.xlsx,v13_part2,USSR82-296,296,Уха рыбацкая,Супы,II,ING-0207,ING-0207,Укроп,Укроп,4,verified_primary_alternative,greens,NO,https://studopedia.net/17_42320_supi-s-makaronnimi-izdeliyami-domashney-lapshoy.html,YES
russian_normative_recipes_v22_5_row_nutrients_part2.xlsx,v13_part2,USSR82-296,296,Уха рыбацкая,Супы,III,ING-0006,ING-0006,Вода,Вода,1100,verified_primary_net,,NO,https://studopedia.net/17_42320_supi-s-makaronnimi-izdeliyami-domashney-lapshoy.html,YES
russian_normative_recipes_v22_5_row_nutrients_part2.xlsx,v13_part2,USSR82-296,296,Уха рыбацкая,Супы,III,ING-0019,ING-0019,Картофель,Картофель,300,verified_primary_net,,NO,https://studopedia.net/17_42320_supi-s-makaronnimi-izdeliyami-domashney-lapshoy.html,YES
russian_normative_recipes_v22_5_row_nutrients_part2.xlsx,v13_part2,USSR82-296,296,Уха рыбацкая,Супы,III,ING-0028,ING-0028,Лук репчатый,Лук репчатый,50,verified_primary_net,,NO,https://studopedia.net/17_42320_supi-s-makaronnimi-izdeliyami-domashney-lapshoy.html,YES
russian_normative_recipes_v22_5_row_nutrients_part2.xlsx,v13_part2,USSR82-296,296,Уха рыбацкая,Супы,III,ING-0032,ING-0032,Масло сливочное,Масло сливочное,10,verified_primary_net,,NO,https://studopedia.net/17_42320_supi-s-makaronnimi-izdeliyami-domashney-lapshoy.html,YES
russian_normative_recipes_v22_5_row_nutrients_part2.xlsx,v13_part2,USSR82-296,296,Уха рыбацкая,Супы,III,ING-0041,ING-0041,Петрушка (корень),Петрушка (корень),10,verified_primary_net,,NO,https://studopedia.net/17_42320_supi-s-makaronnimi-izdeliyami-domashney-lapshoy.html,YES
russian_normative_recipes_v22_5_row_nutrients_part2.xlsx,v13_part2,USSR82-296,296,Уха рыбацкая,Супы,III,ING-0078,ING-0078,Петрушка зелень,Петрушка (зелень),4,verified_primary_alternative,greens,NO,https://studopedia.net/17_42320_supi-s-makaronnimi-izdeliyami-domashney-lapshoy.html,YES
russian_normative_recipes_v22_5_row_nutrients_part2.xlsx,v13_part2,USSR82-296,296,Уха рыбацкая,Супы,III,ING-0175,ING-0175,Судак,Судак,63,verified_primary_alternative,fish,NO,https://studopedia.net/17_42320_supi-s-makaronnimi-izdeliyami-domashney-lapshoy.html,YES
russian_normative_recipes_v22_5_row_nutrients_part2.xlsx,v13_part2,USSR82-296,296,Уха рыбацкая,Супы,III,ING-0195,ING-0195,Налим,Налим,61,verified_primary_alternative,fish,NO,https://studopedia.net/17_42320_supi-s-makaronnimi-izdeliyami-domashney-lapshoy.html,YES
russian_normative_recipes_v22_5_row_nutrients_part2.xlsx,v13_part2,USSR82-296,296,Уха рыбацкая,Супы,III,ING-0207,ING-0207,Укроп,Укроп,4,verified_primary_alternative,greens,NO,https://studopedia.net/17_42320_supi-s-makaronnimi-izdeliyami-domashney-lapshoy.html,YES
russian_normative_recipes_v22_5_row_nutrients_part2.xlsx,v13_part2,USSR82-312,312,Ботвинья,Супы,I,ING-0026,ING-0026,Лимон,Лимон,14,verified_primary_net,,NO,https://studopedia.net/17_42323_supi-s-makaronnimi-izdeliyami-domashney-lapshoy.html,YES
russian_normative_recipes_v22_5_row_nutrients_part2.xlsx,v13_part2,USSR82-312,312,Ботвинья,Супы,I,ING-0027,ING-0027,Лук зеленый,Лук зеленый,40,verified_primary_net,,NO,https://studopedia.net/17_42323_supi-s-makaronnimi-izdeliyami-domashney-lapshoy.html,YES
russian_normative_recipes_v22_5_row_nutrients_part2.xlsx,v13_part2,USSR82-312,312,Ботвинья,Супы,I,ING-0037,ING-0037,Огурец свежий,Огурцы свежие,130,verified_primary_net,,NO,https://studopedia.net/17_42323_supi-s-makaronnimi-izdeliyami-domashney-lapshoy.html,YES
russian_normative_recipes_v22_5_row_nutrients_part2.xlsx,v13_part2,USSR82-312,312,Ботвинья,Супы,I,ING-0042,ING-0042,Сахар,Сахар,10,verified_primary_net,,NO,https://studopedia.net/17_42323_supi-s-makaronnimi-izdeliyami-domashney-lapshoy.html,YES
russian_normative_recipes_v22_5_row_nutrients_part2.xlsx,v13_part2,USSR82-312,312,Ботвинья,Супы,I,ING-0073,ING-0073,Салат листовой,Салат,50,verified_primary_net,,NO,https://studopedia.net/17_42323_supi-s-makaronnimi-izdeliyami-domashney-lapshoy.html,YES
russian_normative_recipes_v22_5_row_nutrients_part2.xlsx,v13_part2,USSR82-312,312,Ботвинья,Супы,I,ING-0116,ING-0116,Щавель,Щавель,80,verified_primary_net,,NO,https://studopedia.net/17_42323_supi-s-makaronnimi-izdeliyami-domashney-lapshoy.html,YES
russian_normative_recipes_v22_5_row_nutrients_part2.xlsx,v13_part2,USSR82-312,312,Ботвинья,Супы,I,ING-0117,ING-0117,Шпинат,Шпинат,140,verified_primary_net,,NO,https://studopedia.net/17_42323_supi-s-makaronnimi-izdeliyami-domashney-lapshoy.html,YES
russian_normative_recipes_v22_5_row_nutrients_part2.xlsx,v13_part2,USSR82-312,312,Ботвинья,Супы,I,ING-0197,ING-0197,Хлебный квас,Квас хлебный,700,verified_primary_net,,NO,https://studopedia.net/17_42323_supi-s-makaronnimi-izdeliyami-domashney-lapshoy.html,YES
russian_normative_recipes_v22_5_row_nutrients_part2.xlsx,v13_part2,USSR82-312,312,Ботвинья,Супы,I,ING-0207,ING-0207,Укроп,Укроп,20,verified_primary_net,,NO,https://studopedia.net/17_42323_supi-s-makaronnimi-izdeliyami-domashney-lapshoy.html,YES
russian_normative_recipes_v22_5_row_nutrients_part2.xlsx,v13_part2,USSR82-312,312,Ботвинья,Супы,I,ING-0221,ING-0221,Хрен (корень),Хрен (корень),30,verified_primary_net,,NO,https://studopedia.net/17_42323_supi-s-makaronnimi-izdeliyami-domashney-lapshoy.html,YES
russian_normative_recipes_v22_5_row_nutrients_part2.xlsx,v13_part2,USSR82-312,312,Ботвинья,Супы,II,ING-0026,ING-0026,Лимон,Лимон,10,verified_primary_net,,NO,https://studopedia.net/17_42323_supi-s-makaronnimi-izdeliyami-domashney-lapshoy.html,YES
russian_normative_recipes_v22_5_row_nutrients_part2.xlsx,v13_part2,USSR82-312,312,Ботвинья,Супы,II,ING-0027,ING-0027,Лук зеленый,Лук зеленый,40,verified_primary_net,,NO,https://studopedia.net/17_42323_supi-s-makaronnimi-izdeliyami-domashney-lapshoy.html,YES
russian_normative_recipes_v22_5_row_nutrients_part2.xlsx,v13_part2,USSR82-312,312,Ботвинья,Супы,II,ING-0037,ING-0037,Огурец свежий,Огурцы свежие,130,verified_primary_net,,NO,https://studopedia.net/17_42323_supi-s-makaronnimi-izdeliyami-domashney-lapshoy.html,YES
russian_normative_recipes_v22_5_row_nutrients_part2.xlsx,v13_part2,USSR82-312,312,Ботвинья,Супы,II,ING-0042,ING-0042,Сахар,Сахар,10,verified_primary_net,,NO,https://studopedia.net/17_42323_supi-s-makaronnimi-izdeliyami-domashney-lapshoy.html,YES
russian_normative_recipes_v22_5_row_nutrients_part2.xlsx,v13_part2,USSR82-312,312,Ботвинья,Супы,II,ING-0073,ING-0073,Салат листовой,Салат,50,verified_primary_net,,NO,https://studopedia.net/17_42323_supi-s-makaronnimi-izdeliyami-domashney-lapshoy.html,YES
russian_normative_recipes_v22_5_row_nutrients_part2.xlsx,v13_part2,USSR82-312,312,Ботвинья,Супы,II,ING-0116,ING-0116,Щавель,Щавель,80,verified_primary_net,,NO,https://studopedia.net/17_42323_supi-s-makaronnimi-izdeliyami-domashney-lapshoy.html,YES
russian_normative_recipes_v22_5_row_nutrients_part2.xlsx,v13_part2,USSR82-312,312,Ботвинья,Супы,II,ING-0117,ING-0117,Шпинат,Шпинат,140,verified_primary_net,,NO,https://studopedia.net/17_42323_supi-s-makaronnimi-izdeliyami-domashney-lapshoy.html,YES
russian_normative_recipes_v22_5_row_nutrients_part2.xlsx,v13_part2,USSR82-312,312,Ботвинья,Супы,II,ING-0197,ING-0197,Хлебный квас,Квас хлебный,700,verified_primary_net,,NO,https://studopedia.net/17_42323_supi-s-makaronnimi-izdeliyami-domashney-lapshoy.html,YES
russian_normative_recipes_v22_5_row_nutrients_part2.xlsx,v13_part2,USSR82-312,312,Ботвинья,Супы,II,ING-0207,ING-0207,Укроп,Укроп,20,verified_primary_net,,NO,https://studopedia.net/17_42323_supi-s-makaronnimi-izdeliyami-domashney-lapshoy.html,YES
russian_normative_recipes_v22_5_row_nutrients_part2.xlsx,v13_part2,USSR82-312,312,Ботвинья,Супы,II,ING-0221,ING-0221,Хрен (корень),Хрен (корень),30,verified_primary_net,,NO,https://studopedia.net/17_42323_supi-s-makaronnimi-izdeliyami-domashney-lapshoy.html,YES
russian_normative_recipes_v22_5_row_nutrients_part2.xlsx,v13_part2,USSR82-312,312,Ботвинья,Супы,III,ING-0027,ING-0027,Лук зеленый,Лук зеленый,40,verified_primary_net,,NO,https://studopedia.net/17_42323_supi-s-makaronnimi-izdeliyami-domashney-lapshoy.html,YES
russian_normative_recipes_v22_5_row_nutrients_part2.xlsx,v13_part2,USSR82-312,312,Ботвинья,Супы,III,ING-0037,ING-0037,Огурец свежий,Огурцы свежие,130,verified_primary_net,,NO,https://studopedia.net/17_42323_supi-s-makaronnimi-izdeliyami-domashney-lapshoy.html,YES
russian_normative_recipes_v22_5_row_nutrients_part2.xlsx,v13_part2,USSR82-312,312,Ботвинья,Супы,III,ING-0042,ING-0042,Сахар,Сахар,10,verified_primary_net,,NO,https://studopedia.net/17_42323_supi-s-makaronnimi-izdeliyami-domashney-lapshoy.html,YES
russian_normative_recipes_v22_5_row_nutrients_part2.xlsx,v13_part2,USSR82-312,312,Ботвинья,Супы,III,ING-0116,ING-0116,Щавель,Щавель,80,verified_primary_net,,NO,https://studopedia.net/17_42323_supi-s-makaronnimi-izdeliyami-domashney-lapshoy.html,YES
russian_normative_recipes_v22_5_row_nutrients_part2.xlsx,v13_part2,USSR82-312,312,Ботвинья,Супы,III,ING-0117,ING-0117,Шпинат,Шпинат,140,verified_primary_net,,NO,https://studopedia.net/17_42323_supi-s-makaronnimi-izdeliyami-domashney-lapshoy.html,YES
russian_normative_recipes_v22_5_row_nutrients_part2.xlsx,v13_part2,USSR82-312,312,Ботвинья,Супы,III,ING-0197,ING-0197,Хлебный квас,Квас хлебный,700,verified_primary_net,,NO,https://studopedia.net/17_42323_supi-s-makaronnimi-izdeliyami-domashney-lapshoy.html,YES
russian_normative_recipes_v22_5_row_nutrients_part2.xlsx,v13_part2,USSR82-312,312,Ботвинья,Супы,III,ING-0207,ING-0207,Укроп,Укроп,20,verified_primary_net,,NO,https://studopedia.net/17_42323_supi-s-makaronnimi-izdeliyami-domashney-lapshoy.html,YES
russian_normative_recipes_v22_5_row_nutrients_part2.xlsx,v13_part2,USSR82-312,312,Ботвинья,Супы,III,ING-0221,ING-0221,Хрен (корень),Хрен (корень),30,verified_primary_net,,NO,https://studopedia.net/17_42323_supi-s-makaronnimi-izdeliyami-domashney-lapshoy.html,YES
russian_normative_recipes_v22_5_row_nutrients_part2.xlsx,v13_part2,USSR82-314,314,Суп из плодов свежих,Супы,I-mixed,ING-0006,ING-0006,Вода,Вода,650,verified_primary_net,,NO,https://studopedia.net/17_42323_supi-s-makaronnimi-izdeliyami-domashney-lapshoy.html,YES
russian_normative_recipes_v22_5_row_nutrients_part2.xlsx,v13_part2,USSR82-314,314,Суп из плодов свежих,Супы,I-mixed,ING-0042,ING-0042,Сахар,Сахар,120,verified_primary_net,,NO,https://studopedia.net/17_42323_supi-s-makaronnimi-izdeliyami-domashney-lapshoy.html,YES
russian_normative_recipes_v22_5_row_nutrients_part2.xlsx,v13_part2,USSR82-314,314,Суп из плодов свежих,Супы,I-mixed,ING-0070,ING-0070,Яблоко,Яблоки,160,verified_primary_net,,NO,https://studopedia.net/17_42323_supi-s-makaronnimi-izdeliyami-domashney-lapshoy.html,YES
russian_normative_recipes_v22_5_row_nutrients_part2.xlsx,v13_part2,USSR82-314,314,Суп из плодов свежих,Супы,I-mixed,ING-0227,ING-0227,Груша,Груши,180,verified_primary_net,,NO,https://studopedia.net/17_42323_supi-s-makaronnimi-izdeliyami-domashney-lapshoy.html,YES
russian_normative_recipes_v22_5_row_nutrients_part2.xlsx,v13_part2,USSR82-314,314,Суп из плодов свежих,Супы,I-mixed,ING-0228,ING-0228,Слива,Слива,120,verified_primary_net,,NO,https://studopedia.net/17_42323_supi-s-makaronnimi-izdeliyami-domashney-lapshoy.html,YES
russian_normative_recipes_v22_5_row_nutrients_part2.xlsx,v13_part2,USSR82-314,314,Суп из плодов свежих,Супы,I-mixed,ING-0229,ING-0229,Крахмал картофельный,Крахмал картофельный,20,verified_primary_net,,NO,https://studopedia.net/17_42323_supi-s-makaronnimi-izdeliyami-domashney-lapshoy.html,YES
russian_normative_recipes_v22_5_row_nutrients_part2.xlsx,v13_part2,USSR82-314,314,Суп из плодов свежих,Супы,I-mixed,ING-0230,ING-0230,Корица,Корица,1,verified_primary_net,,NO,https://studopedia.net/17_42323_supi-s-makaronnimi-izdeliyami-domashney-lapshoy.html,YES
russian_normative_recipes_v22_5_row_nutrients_part2.xlsx,v13_part2,USSR82-314,314,Суп из плодов свежих,Супы,I-single-ING-0070,ING-0006,ING-0006,Вода,Вода,650,verified_primary_net,,NO,https://studopedia.net/17_42323_supi-s-makaronnimi-izdeliyami-domashney-lapshoy.html,YES
russian_normative_recipes_v22_5_row_nutrients_part2.xlsx,v13_part2,USSR82-314,314,Суп из плодов свежих,Супы,I-single-ING-0070,ING-0042,ING-0042,Сахар,Сахар,120,verified_primary_net,,NO,https://studopedia.net/17_42323_supi-s-makaronnimi-izdeliyami-domashney-lapshoy.html,YES
russian_normative_recipes_v22_5_row_nutrients_part2.xlsx,v13_part2,USSR82-314,314,Суп из плодов свежих,Супы,I-single-ING-0070,ING-0070,ING-0070,Яблоко,Яблоки,440,verified_primary_net,,NO,https://studopedia.net/17_42323_supi-s-makaronnimi-izdeliyami-domashney-lapshoy.html,YES
russian_normative_recipes_v22_5_row_nutrients_part2.xlsx,v13_part2,USSR82-314,314,Суп из плодов свежих,Супы,I-single-ING-0070,ING-0229,ING-0229,Крахмал картофельный,Крахмал картофельный,20,verified_primary_net,,NO,https://studopedia.net/17_42323_supi-s-makaronnimi-izdeliyami-domashney-lapshoy.html,YES
russian_normative_recipes_v22_5_row_nutrients_part2.xlsx,v13_part2,USSR82-314,314,Суп из плодов свежих,Супы,I-single-ING-0070,ING-0230,ING-0230,Корица,Корица,1,verified_primary_net,,NO,https://studopedia.net/17_42323_supi-s-makaronnimi-izdeliyami-domashney-lapshoy.html,YES
russian_normative_recipes_v22_5_row_nutrients_part2.xlsx,v13_part2,USSR82-314,314,Суп из плодов свежих,Супы,I-single-ING-0227,ING-0006,ING-0006,Вода,Вода,650,verified_primary_net,,NO,https://studopedia.net/17_42323_supi-s-makaronnimi-izdeliyami-domashney-lapshoy.html,YES
russian_normative_recipes_v22_5_row_nutrients_part2.xlsx,v13_part2,USSR82-314,314,Суп из плодов свежих,Супы,I-single-ING-0227,ING-0042,ING-0042,Сахар,Сахар,120,verified_primary_net,,NO,https://studopedia.net/17_42323_supi-s-makaronnimi-izdeliyami-domashney-lapshoy.html,YES
russian_normative_recipes_v22_5_row_nutrients_part2.xlsx,v13_part2,USSR82-314,314,Суп из плодов свежих,Супы,I-single-ING-0227,ING-0227,ING-0227,Груша,Груши,440,verified_primary_net,,NO,https://studopedia.net/17_42323_supi-s-makaronnimi-izdeliyami-domashney-lapshoy.html,YES
russian_normative_recipes_v22_5_row_nutrients_part2.xlsx,v13_part2,USSR82-314,314,Суп из плодов свежих,Супы,I-single-ING-0227,ING-0229,ING-0229,Крахмал картофельный,Крахмал картофельный,20,verified_primary_net,,NO,https://studopedia.net/17_42323_supi-s-makaronnimi-izdeliyami-domashney-lapshoy.html,YES
russian_normative_recipes_v22_5_row_nutrients_part2.xlsx,v13_part2,USSR82-314,314,Суп из плодов свежих,Супы,I-single-ING-0227,ING-0230,ING-0230,Корица,Корица,1,verified_primary_net,,NO,https://studopedia.net/17_42323_supi-s-makaronnimi-izdeliyami-domashney-lapshoy.html,YES
russian_normative_recipes_v22_5_row_nutrients_part2.xlsx,v13_part2,USSR82-314,314,Суп из плодов свежих,Супы,II-mixed,ING-0006,ING-0006,Вода,Вода,650,verified_primary_net,,NO,https://studopedia.net/17_42323_supi-s-makaronnimi-izdeliyami-domashney-lapshoy.html,YES
russian_normative_recipes_v22_5_row_nutrients_part2.xlsx,v13_part2,USSR82-314,314,Суп из плодов свежих,Супы,II-mixed,ING-0042,ING-0042,Сахар,Сахар,100,verified_primary_net,,NO,https://studopedia.net/17_42323_supi-s-makaronnimi-izdeliyami-domashney-lapshoy.html,YES
russian_normative_recipes_v22_5_row_nutrients_part2.xlsx,v13_part2,USSR82-314,314,Суп из плодов свежих,Супы,II-mixed,ING-0070,ING-0070,Яблоко,Яблоки,160,verified_primary_net,,NO,https://studopedia.net/17_42323_supi-s-makaronnimi-izdeliyami-domashney-lapshoy.html,YES
russian_normative_recipes_v22_5_row_nutrients_part2.xlsx,v13_part2,USSR82-314,314,Суп из плодов свежих,Супы,II-mixed,ING-0227,ING-0227,Груша,Груши,180,verified_primary_net,,NO,https://studopedia.net/17_42323_supi-s-makaronnimi-izdeliyami-domashney-lapshoy.html,YES
russian_normative_recipes_v22_5_row_nutrients_part2.xlsx,v13_part2,USSR82-314,314,Суп из плодов свежих,Супы,II-mixed,ING-0229,ING-0229,Крахмал картофельный,Крахмал картофельный,20,verified_primary_net,,NO,https://studopedia.net/17_42323_supi-s-makaronnimi-izdeliyami-domashney-lapshoy.html,YES
russian_normative_recipes_v22_5_row_nutrients_part2.xlsx,v13_part2,USSR82-314,314,Суп из плодов свежих,Супы,II-mixed,ING-0230,ING-0230,Корица,Корица,1,verified_primary_net,,NO,https://studopedia.net/17_42323_supi-s-makaronnimi-izdeliyami-domashney-lapshoy.html,YES
russian_normative_recipes_v22_5_row_nutrients_part2.xlsx,v13_part2,USSR82-314,314,Суп из плодов свежих,Супы,II-single-ING-0070,ING-0006,ING-0006,Вода,Вода,650,verified_primary_net,,NO,https://studopedia.net/17_42323_supi-s-makaronnimi-izdeliyami-domashney-lapshoy.html,YES
russian_normative_recipes_v22_5_row_nutrients_part2.xlsx,v13_part2,USSR82-314,314,Суп из плодов свежих,Супы,II-single-ING-0070,ING-0042,ING-0042,Сахар,Сахар,100,verified_primary_net,,NO,https://studopedia.net/17_42323_supi-s-makaronnimi-izdeliyami-domashney-lapshoy.html,YES
russian_normative_recipes_v22_5_row_nutrients_part2.xlsx,v13_part2,USSR82-314,314,Суп из плодов свежих,Супы,II-single-ING-0070,ING-0070,ING-0070,Яблоко,Яблоки,350,verified_primary_net,,NO,https://studopedia.net/17_42323_supi-s-makaronnimi-izdeliyami-domashney-lapshoy.html,YES
russian_normative_recipes_v22_5_row_nutrients_part2.xlsx,v13_part2,USSR82-314,314,Суп из плодов свежих,Супы,II-single-ING-0070,ING-0229,ING-0229,Крахмал картофельный,Крахмал картофельный,20,verified_primary_net,,NO,https://studopedia.net/17_42323_supi-s-makaronnimi-izdeliyami-domashney-lapshoy.html,YES
russian_normative_recipes_v22_5_row_nutrients_part2.xlsx,v13_part2,USSR82-314,314,Суп из плодов свежих,Супы,II-single-ING-0070,ING-0230,ING-0230,Корица,Корица,1,verified_primary_net,,NO,https://studopedia.net/17_42323_supi-s-makaronnimi-izdeliyami-domashney-lapshoy.html,YES
russian_normative_recipes_v22_5_row_nutrients_part2.xlsx,v13_part2,USSR82-314,314,Суп из плодов свежих,Супы,II-single-ING-0227,ING-0006,ING-0006,Вода,Вода,650,verified_primary_net,,NO,https://studopedia.net/17_42323_supi-s-makaronnimi-izdeliyami-domashney-lapshoy.html,YES
russian_normative_recipes_v22_5_row_nutrients_part2.xlsx,v13_part2,USSR82-314,314,Суп из плодов свежих,Супы,II-single-ING-0227,ING-0042,ING-0042,Сахар,Сахар,100,verified_primary_net,,NO,https://studopedia.net/17_42323_supi-s-makaronnimi-izdeliyami-domashney-lapshoy.html,YES
russian_normative_recipes_v22_5_row_nutrients_part2.xlsx,v13_part2,USSR82-314,314,Суп из плодов свежих,Супы,II-single-ING-0227,ING-0227,ING-0227,Груша,Груши,350,verified_primary_net,,NO,https://studopedia.net/17_42323_supi-s-makaronnimi-izdeliyami-domashney-lapshoy.html,YES
russian_normative_recipes_v22_5_row_nutrients_part2.xlsx,v13_part2,USSR82-314,314,Суп из плодов свежих,Супы,II-single-ING-0227,ING-0229,ING-0229,Крахмал картофельный,Крахмал картофельный,20,verified_primary_net,,NO,https://studopedia.net/17_42323_supi-s-makaronnimi-izdeliyami-domashney-lapshoy.html,YES
russian_normative_recipes_v22_5_row_nutrients_part2.xlsx,v13_part2,USSR82-314,314,Суп из плодов свежих,Супы,II-single-ING-0227,ING-0230,ING-0230,Корица,Корица,1,verified_primary_net,,NO,https://studopedia.net/17_42323_supi-s-makaronnimi-izdeliyami-domashney-lapshoy.html,YES
russian_normative_recipes_v22_5_row_nutrients_part2.xlsx,v13_part2,USSR82-314,314,Суп из плодов свежих,Супы,III-mixed,ING-0006,ING-0006,Вода,Вода,800,verified_primary_net,,NO,https://studopedia.net/17_42323_supi-s-makaronnimi-izdeliyami-domashney-lapshoy.html,YES
russian_normative_recipes_v22_5_row_nutrients_part2.xlsx,v13_part2,USSR82-314,314,Суп из плодов свежих,Супы,III-mixed,ING-0042,ING-0042,Сахар,Сахар,80,verified_primary_net,,NO,https://studopedia.net/17_42323_supi-s-makaronnimi-izdeliyami-domashney-lapshoy.html,YES
russian_normative_recipes_v22_5_row_nutrients_part2.xlsx,v13_part2,USSR82-314,314,Суп из плодов свежих,Супы,III-mixed,ING-0070,ING-0070,Яблоко,Яблоки,70,verified_primary_net,,NO,https://studopedia.net/17_42323_supi-s-makaronnimi-izdeliyami-domashney-lapshoy.html,YES
russian_normative_recipes_v22_5_row_nutrients_part2.xlsx,v13_part2,USSR82-314,314,Суп из плодов свежих,Супы,III-mixed,ING-0227,ING-0227,Груша,Груши,73,verified_primary_net,,NO,https://studopedia.net/17_42323_supi-s-makaronnimi-izdeliyami-domashney-lapshoy.html,YES
russian_normative_recipes_v22_5_row_nutrients_part2.xlsx,v13_part2,USSR82-314,314,Суп из плодов свежих,Супы,III-mixed,ING-0229,ING-0229,Крахмал картофельный,Крахмал картофельный,20,verified_primary_net,,NO,https://studopedia.net/17_42323_supi-s-makaronnimi-izdeliyami-domashney-lapshoy.html,YES
russian_normative_recipes_v22_5_row_nutrients_part2.xlsx,v13_part2,USSR82-314,314,Суп из плодов свежих,Супы,III-single-ING-0070,ING-0006,ING-0006,Вода,Вода,800,verified_primary_net,,NO,https://studopedia.net/17_42323_supi-s-makaronnimi-izdeliyami-domashney-lapshoy.html,YES
russian_normative_recipes_v22_5_row_nutrients_part2.xlsx,v13_part2,USSR82-314,314,Суп из плодов свежих,Супы,III-single-ING-0070,ING-0042,ING-0042,Сахар,Сахар,80,verified_primary_net,,NO,https://studopedia.net/17_42323_supi-s-makaronnimi-izdeliyami-domashney-lapshoy.html,YES
russian_normative_recipes_v22_5_row_nutrients_part2.xlsx,v13_part2,USSR82-314,314,Суп из плодов свежих,Супы,III-single-ING-0070,ING-0070,ING-0070,Яблоко,Яблоки,140,verified_primary_net,,NO,https://studopedia.net/17_42323_supi-s-makaronnimi-izdeliyami-domashney-lapshoy.html,YES
russian_normative_recipes_v22_5_row_nutrients_part2.xlsx,v13_part2,USSR82-314,314,Суп из плодов свежих,Супы,III-single-ING-0070,ING-0229,ING-0229,Крахмал картофельный,Крахмал картофельный,20,verified_primary_net,,NO,https://studopedia.net/17_42323_supi-s-makaronnimi-izdeliyami-domashney-lapshoy.html,YES
russian_normative_recipes_v22_5_row_nutrients_part2.xlsx,v13_part2,USSR82-314,314,Суп из плодов свежих,Супы,III-single-ING-0227,ING-0006,ING-0006,Вода,Вода,800,verified_primary_net,,NO,https://studopedia.net/17_42323_supi-s-makaronnimi-izdeliyami-domashney-lapshoy.html,YES
russian_normative_recipes_v22_5_row_nutrients_part2.xlsx,v13_part2,USSR82-314,314,Суп из плодов свежих,Супы,III-single-ING-0227,ING-0042,ING-0042,Сахар,Сахар,80,verified_primary_net,,NO,https://studopedia.net/17_42323_supi-s-makaronnimi-izdeliyami-domashney-lapshoy.html,YES
russian_normative_recipes_v22_5_row_nutrients_part2.xlsx,v13_part2,USSR82-314,314,Суп из плодов свежих,Супы,III-single-ING-0227,ING-0227,ING-0227,Груша,Груши,146,verified_primary_net,,NO,https://studopedia.net/17_42323_supi-s-makaronnimi-izdeliyami-domashney-lapshoy.html,YES
russian_normative_recipes_v22_5_row_nutrients_part2.xlsx,v13_part2,USSR82-314,314,Суп из плодов свежих,Супы,III-single-ING-0227,ING-0229,ING-0229,Крахмал картофельный,Крахмал картофельный,20,verified_primary_net,,NO,https://studopedia.net/17_42323_supi-s-makaronnimi-izdeliyami-domashney-lapshoy.html,YES
russian_normative_recipes_v22_5_row_nutrients_part2.xlsx,v13_part2,USSR82-317,317,Суп из плодов или ягод сушеных,Супы,I-ING-0066,ING-0006,ING-0006,Вода,Вода,800,verified_primary_net,,NO,https://studopedia.net/17_42323_supi-s-makaronnimi-izdeliyami-domashney-lapshoy.html,YES
russian_normative_recipes_v22_5_row_nutrients_part2.xlsx,v13_part2,USSR82-317,317,Суп из плодов или ягод сушеных,Супы,I-ING-0066,ING-0042,ING-0042,Сахар,Сахар,120,verified_primary_net,,NO,https://studopedia.net/17_42323_supi-s-makaronnimi-izdeliyami-domashney-lapshoy.html,YES
russian_normative_recipes_v22_5_row_nutrients_part2.xlsx,v13_part2,USSR82-317,317,Суп из плодов или ягод сушеных,Супы,I-ING-0066,ING-0066,ING-0066,Чернослив,Чернослив,200,verified_primary_net,,NO,https://studopedia.net/17_42323_supi-s-makaronnimi-izdeliyami-domashney-lapshoy.html,YES
russian_normative_recipes_v22_5_row_nutrients_part2.xlsx,v13_part2,USSR82-317,317,Суп из плодов или ягод сушеных,Супы,I-ING-0066,ING-0104,ING-0104,Кислота лимонная,Кислота лимонная,1,verified_primary_optional,,YES,https://studopedia.net/17_42323_supi-s-makaronnimi-izdeliyami-domashney-lapshoy.html,YES
russian_normative_recipes_v22_5_row_nutrients_part2.xlsx,v13_part2,USSR82-317,317,Суп из плодов или ягод сушеных,Супы,I-ING-0066,ING-0229,ING-0229,Крахмал картофельный,Крахмал картофельный,20,verified_primary_net,,NO,https://studopedia.net/17_42323_supi-s-makaronnimi-izdeliyami-domashney-lapshoy.html,YES
russian_normative_recipes_v22_5_row_nutrients_part2.xlsx,v13_part2,USSR82-317,317,Суп из плодов или ягод сушеных,Супы,I-ING-0079,ING-0006,ING-0006,Вода,Вода,800,verified_primary_net,,NO,https://studopedia.net/17_42323_supi-s-makaronnimi-izdeliyami-domashney-lapshoy.html,YES
russian_normative_recipes_v22_5_row_nutrients_part2.xlsx,v13_part2,USSR82-317,317,Суп из плодов или ягод сушеных,Супы,I-ING-0079,ING-0042,ING-0042,Сахар,Сахар,120,verified_primary_net,,NO,https://studopedia.net/17_42323_supi-s-makaronnimi-izdeliyami-domashney-lapshoy.html,YES
russian_normative_recipes_v22_5_row_nutrients_part2.xlsx,v13_part2,USSR82-317,317,Суп из плодов или ягод сушеных,Супы,I-ING-0079,ING-0079,ING-0079,Изюм,Изюм,150,verified_primary_net,,NO,https://studopedia.net/17_42323_supi-s-makaronnimi-izdeliyami-domashney-lapshoy.html,YES
russian_normative_recipes_v22_5_row_nutrients_part2.xlsx,v13_part2,USSR82-317,317,Суп из плодов или ягод сушеных,Супы,I-ING-0079,ING-0104,ING-0104,Кислота лимонная,Кислота лимонная,1,verified_primary_optional,,YES,https://studopedia.net/17_42323_supi-s-makaronnimi-izdeliyami-domashney-lapshoy.html,YES
russian_normative_recipes_v22_5_row_nutrients_part2.xlsx,v13_part2,USSR82-317,317,Суп из плодов или ягод сушеных,Супы,I-ING-0079,ING-0229,ING-0229,Крахмал картофельный,Крахмал картофельный,20,verified_primary_net,,NO,https://studopedia.net/17_42323_supi-s-makaronnimi-izdeliyami-domashney-lapshoy.html,YES
russian_normative_recipes_v22_5_row_nutrients_part2.xlsx,v13_part2,USSR82-317,317,Суп из плодов или ягод сушеных,Супы,I-ING-0234,ING-0006,ING-0006,Вода,Вода,800,verified_primary_net,,NO,https://studopedia.net/17_42323_supi-s-makaronnimi-izdeliyami-domashney-lapshoy.html,YES
russian_normative_recipes_v22_5_row_nutrients_part2.xlsx,v13_part2,USSR82-317,317,Суп из плодов или ягод сушеных,Супы,I-ING-0234,ING-0042,ING-0042,Сахар,Сахар,120,verified_primary_net,,NO,https://studopedia.net/17_42323_supi-s-makaronnimi-izdeliyami-domashney-lapshoy.html,YES
russian_normative_recipes_v22_5_row_nutrients_part2.xlsx,v13_part2,USSR82-317,317,Суп из плодов или ягод сушеных,Супы,I-ING-0234,ING-0104,ING-0104,Кислота лимонная,Кислота лимонная,1,verified_primary_optional,,YES,https://studopedia.net/17_42323_supi-s-makaronnimi-izdeliyami-domashney-lapshoy.html,YES
russian_normative_recipes_v22_5_row_nutrients_part2.xlsx,v13_part2,USSR82-317,317,Суп из плодов или ягод сушеных,Супы,I-ING-0234,ING-0229,ING-0229,Крахмал картофельный,Крахмал картофельный,20,verified_primary_net,,NO,https://studopedia.net/17_42323_supi-s-makaronnimi-izdeliyami-domashney-lapshoy.html,YES
russian_normative_recipes_v22_5_row_nutrients_part2.xlsx,v13_part2,USSR82-317,317,Суп из плодов или ягод сушеных,Супы,I-ING-0234,ING-0230,ING-0230,Корица,Корица,1,verified_primary_net,,NO,https://studopedia.net/17_42323_supi-s-makaronnimi-izdeliyami-domashney-lapshoy.html,YES
russian_normative_recipes_v22_5_row_nutrients_part2.xlsx,v13_part2,USSR82-317,317,Суп из плодов или ягод сушеных,Супы,I-ING-0234,ING-0234,ING-0234,Яблоки сушеные,Яблоки сушеные,120,verified_primary_net,,NO,https://studopedia.net/17_42323_supi-s-makaronnimi-izdeliyami-domashney-lapshoy.html,YES
russian_normative_recipes_v22_5_row_nutrients_part2.xlsx,v13_part2,USSR82-317,317,Суп из плодов или ягод сушеных,Супы,I-ING-0235,ING-0006,ING-0006,Вода,Вода,800,verified_primary_net,,NO,https://studopedia.net/17_42323_supi-s-makaronnimi-izdeliyami-domashney-lapshoy.html,YES
russian_normative_recipes_v22_5_row_nutrients_part2.xlsx,v13_part2,USSR82-317,317,Суп из плодов или ягод сушеных,Супы,I-ING-0235,ING-0042,ING-0042,Сахар,Сахар,120,verified_primary_net,,NO,https://studopedia.net/17_42323_supi-s-makaronnimi-izdeliyami-domashney-lapshoy.html,YES
russian_normative_recipes_v22_5_row_nutrients_part2.xlsx,v13_part2,USSR82-317,317,Суп из плодов или ягод сушеных,Супы,I-ING-0235,ING-0104,ING-0104,Кислота лимонная,Кислота лимонная,1,verified_primary_optional,,YES,https://studopedia.net/17_42323_supi-s-makaronnimi-izdeliyami-domashney-lapshoy.html,YES
russian_normative_recipes_v22_5_row_nutrients_part2.xlsx,v13_part2,USSR82-317,317,Суп из плодов или ягод сушеных,Супы,I-ING-0235,ING-0229,ING-0229,Крахмал картофельный,Крахмал картофельный,20,verified_primary_net,,NO,https://studopedia.net/17_42323_supi-s-makaronnimi-izdeliyami-domashney-lapshoy.html,YES
russian_normative_recipes_v22_5_row_nutrients_part2.xlsx,v13_part2,USSR82-317,317,Суп из плодов или ягод сушеных,Супы,I-ING-0235,ING-0235,ING-0235,Груши сушеные,Груши сушеные,200,verified_primary_net,,NO,https://studopedia.net/17_42323_supi-s-makaronnimi-izdeliyami-domashney-lapshoy.html,YES
russian_normative_recipes_v22_5_row_nutrients_part2.xlsx,v13_part2,USSR82-317,317,Суп из плодов или ягод сушеных,Супы,I-ING-0236,ING-0006,ING-0006,Вода,Вода,850,verified_primary_net,,NO,https://studopedia.net/17_42323_supi-s-makaronnimi-izdeliyami-domashney-lapshoy.html,YES
russian_normative_recipes_v22_5_row_nutrients_part2.xlsx,v13_part2,USSR82-317,317,Суп из плодов или ягод сушеных,Супы,I-ING-0236,ING-0042,ING-0042,Сахар,Сахар,120,verified_primary_net,,NO,https://studopedia.net/17_42323_supi-s-makaronnimi-izdeliyami-domashney-lapshoy.html,YES
russian_normative_recipes_v22_5_row_nutrients_part2.xlsx,v13_part2,USSR82-317,317,Суп из плодов или ягод сушеных,Супы,I-ING-0236,ING-0104,ING-0104,Кислота лимонная,Кислота лимонная,1,verified_primary_optional,,YES,https://studopedia.net/17_42323_supi-s-makaronnimi-izdeliyami-domashney-lapshoy.html,YES
russian_normative_recipes_v22_5_row_nutrients_part2.xlsx,v13_part2,USSR82-317,317,Суп из плодов или ягод сушеных,Супы,I-ING-0236,ING-0229,ING-0229,Крахмал картофельный,Крахмал картофельный,20,verified_primary_net,,NO,https://studopedia.net/17_42323_supi-s-makaronnimi-izdeliyami-domashney-lapshoy.html,YES
russian_normative_recipes_v22_5_row_nutrients_part2.xlsx,v13_part2,USSR82-317,317,Суп из плодов или ягод сушеных,Супы,I-ING-0236,ING-0236,ING-0236,Курага,Курага,150,verified_primary_net,,NO,https://studopedia.net/17_42323_supi-s-makaronnimi-izdeliyami-domashney-lapshoy.html,YES
russian_normative_recipes_v22_5_row_nutrients_part2.xlsx,v13_part2,USSR82-317,317,Суп из плодов или ягод сушеных,Супы,I-ING-0237,ING-0006,ING-0006,Вода,Вода,800,verified_primary_net,,NO,https://studopedia.net/17_42323_supi-s-makaronnimi-izdeliyami-domashney-lapshoy.html,YES
russian_normative_recipes_v22_5_row_nutrients_part2.xlsx,v13_part2,USSR82-317,317,Суп из плодов или ягод сушеных,Супы,I-ING-0237,ING-0042,ING-0042,Сахар,Сахар,120,verified_primary_net,,NO,https://studopedia.net/17_42323_supi-s-makaronnimi-izdeliyami-domashney-lapshoy.html,YES
russian_normative_recipes_v22_5_row_nutrients_part2.xlsx,v13_part2,USSR82-317,317,Суп из плодов или ягод сушеных,Супы,I-ING-0237,ING-0104,ING-0104,Кислота лимонная,Кислота лимонная,1,verified_primary_optional,,YES,https://studopedia.net/17_42323_supi-s-makaronnimi-izdeliyami-domashney-lapshoy.html,YES
russian_normative_recipes_v22_5_row_nutrients_part2.xlsx,v13_part2,USSR82-317,317,Суп из плодов или ягод сушеных,Супы,I-ING-0237,ING-0229,ING-0229,Крахмал картофельный,Крахмал картофельный,20,verified_primary_net,,NO,https://studopedia.net/17_42323_supi-s-makaronnimi-izdeliyami-domashney-lapshoy.html,YES
russian_normative_recipes_v22_5_row_nutrients_part2.xlsx,v13_part2,USSR82-317,317,Суп из плодов или ягод сушеных,Супы,I-ING-0237,ING-0237,ING-0237,Урюк,Урюк,200,verified_primary_net,,NO,https://studopedia.net/17_42323_supi-s-makaronnimi-izdeliyami-domashney-lapshoy.html,YES
russian_normative_recipes_v22_5_row_nutrients_part2.xlsx,v13_part2,USSR82-317,317,Суп из плодов или ягод сушеных,Супы,II-ING-0066,ING-0006,ING-0006,Вода,Вода,850,verified_primary_net,,NO,https://studopedia.net/17_42323_supi-s-makaronnimi-izdeliyami-domashney-lapshoy.html,YES
russian_normative_recipes_v22_5_row_nutrients_part2.xlsx,v13_part2,USSR82-317,317,Суп из плодов или ягод сушеных,Супы,II-ING-0066,ING-0042,ING-0042,Сахар,Сахар,100,verified_primary_net,,NO,https://studopedia.net/17_42323_supi-s-makaronnimi-izdeliyami-domashney-lapshoy.html,YES
russian_normative_recipes_v22_5_row_nutrients_part2.xlsx,v13_part2,USSR82-317,317,Суп из плодов или ягод сушеных,Супы,II-ING-0066,ING-0066,ING-0066,Чернослив,Чернослив,160,verified_primary_net,,NO,https://studopedia.net/17_42323_supi-s-makaronnimi-izdeliyami-domashney-lapshoy.html,YES
russian_normative_recipes_v22_5_row_nutrients_part2.xlsx,v13_part2,USSR82-317,317,Суп из плодов или ягод сушеных,Супы,II-ING-0066,ING-0104,ING-0104,Кислота лимонная,Кислота лимонная,1,verified_primary_optional,,YES,https://studopedia.net/17_42323_supi-s-makaronnimi-izdeliyami-domashney-lapshoy.html,YES
russian_normative_recipes_v22_5_row_nutrients_part2.xlsx,v13_part2,USSR82-317,317,Суп из плодов или ягод сушеных,Супы,II-ING-0066,ING-0229,ING-0229,Крахмал картофельный,Крахмал картофельный,20,verified_primary_net,,NO,https://studopedia.net/17_42323_supi-s-makaronnimi-izdeliyami-domashney-lapshoy.html,YES
russian_normative_recipes_v22_5_row_nutrients_part2.xlsx,v13_part2,USSR82-317,317,Суп из плодов или ягод сушеных,Супы,II-ING-0079,ING-0006,ING-0006,Вода,Вода,850,verified_primary_net,,NO,https://studopedia.net/17_42323_supi-s-makaronnimi-izdeliyami-domashney-lapshoy.html,YES
russian_normative_recipes_v22_5_row_nutrients_part2.xlsx,v13_part2,USSR82-317,317,Суп из плодов или ягод сушеных,Супы,II-ING-0079,ING-0042,ING-0042,Сахар,Сахар,100,verified_primary_net,,NO,https://studopedia.net/17_42323_supi-s-makaronnimi-izdeliyami-domashney-lapshoy.html,YES
russian_normative_recipes_v22_5_row_nutrients_part2.xlsx,v13_part2,USSR82-317,317,Суп из плодов или ягод сушеных,Супы,II-ING-0079,ING-0079,ING-0079,Изюм,Изюм,120,verified_primary_net,,NO,https://studopedia.net/17_42323_supi-s-makaronnimi-izdeliyami-domashney-lapshoy.html,YES
russian_normative_recipes_v22_5_row_nutrients_part2.xlsx,v13_part2,USSR82-317,317,Суп из плодов или ягод сушеных,Супы,II-ING-0079,ING-0104,ING-0104,Кислота лимонная,Кислота лимонная,1,verified_primary_optional,,YES,https://studopedia.net/17_42323_supi-s-makaronnimi-izdeliyami-domashney-lapshoy.html,YES
russian_normative_recipes_v22_5_row_nutrients_part2.xlsx,v13_part2,USSR82-317,317,Суп из плодов или ягод сушеных,Супы,II-ING-0079,ING-0229,ING-0229,Крахмал картофельный,Крахмал картофельный,20,verified_primary_net,,NO,https://studopedia.net/17_42323_supi-s-makaronnimi-izdeliyami-domashney-lapshoy.html,YES
russian_normative_recipes_v22_5_row_nutrients_part2.xlsx,v13_part2,USSR82-317,317,Суп из плодов или ягод сушеных,Супы,II-ING-0234,ING-0006,ING-0006,Вода,Вода,850,verified_primary_net,,NO,https://studopedia.net/17_42323_supi-s-makaronnimi-izdeliyami-domashney-lapshoy.html,YES
russian_normative_recipes_v22_5_row_nutrients_part2.xlsx,v13_part2,USSR82-317,317,Суп из плодов или ягод сушеных,Супы,II-ING-0234,ING-0042,ING-0042,Сахар,Сахар,100,verified_primary_net,,NO,https://studopedia.net/17_42323_supi-s-makaronnimi-izdeliyami-domashney-lapshoy.html,YES
russian_normative_recipes_v22_5_row_nutrients_part2.xlsx,v13_part2,USSR82-317,317,Суп из плодов или ягод сушеных,Супы,II-ING-0234,ING-0104,ING-0104,Кислота лимонная,Кислота лимонная,1,verified_primary_optional,,YES,https://studopedia.net/17_42323_supi-s-makaronnimi-izdeliyami-domashney-lapshoy.html,YES
russian_normative_recipes_v22_5_row_nutrients_part2.xlsx,v13_part2,USSR82-317,317,Суп из плодов или ягод сушеных,Супы,II-ING-0234,ING-0229,ING-0229,Крахмал картофельный,Крахмал картофельный,20,verified_primary_net,,NO,https://studopedia.net/17_42323_supi-s-makaronnimi-izdeliyami-domashney-lapshoy.html,YES
russian_normative_recipes_v22_5_row_nutrients_part2.xlsx,v13_part2,USSR82-317,317,Суп из плодов или ягод сушеных,Супы,II-ING-0234,ING-0230,ING-0230,Корица,Корица,1,verified_primary_net,,NO,https://studopedia.net/17_42323_supi-s-makaronnimi-izdeliyami-domashney-lapshoy.html,YES
russian_normative_recipes_v22_5_row_nutrients_part2.xlsx,v13_part2,USSR82-317,317,Суп из плодов или ягод сушеных,Супы,II-ING-0234,ING-0234,ING-0234,Яблоки сушеные,Яблоки сушеные,100,verified_primary_net,,NO,https://studopedia.net/17_42323_supi-s-makaronnimi-izdeliyami-domashney-lapshoy.html,YES
russian_normative_recipes_v22_5_row_nutrients_part2.xlsx,v13_part2,USSR82-317,317,Суп из плодов или ягод сушеных,Супы,II-ING-0235,ING-0006,ING-0006,Вода,Вода,850,verified_primary_net,,NO,https://studopedia.net/17_42323_supi-s-makaronnimi-izdeliyami-domashney-lapshoy.html,YES
russian_normative_recipes_v22_5_row_nutrients_part2.xlsx,v13_part2,USSR82-317,317,Суп из плодов или ягод сушеных,Супы,II-ING-0235,ING-0042,ING-0042,Сахар,Сахар,100,verified_primary_net,,NO,https://studopedia.net/17_42323_supi-s-makaronnimi-izdeliyami-domashney-lapshoy.html,YES
russian_normative_recipes_v22_5_row_nutrients_part2.xlsx,v13_part2,USSR82-317,317,Суп из плодов или ягод сушеных,Супы,II-ING-0235,ING-0104,ING-0104,Кислота лимонная,Кислота лимонная,1,verified_primary_optional,,YES,https://studopedia.net/17_42323_supi-s-makaronnimi-izdeliyami-domashney-lapshoy.html,YES
russian_normative_recipes_v22_5_row_nutrients_part2.xlsx,v13_part2,USSR82-317,317,Суп из плодов или ягод сушеных,Супы,II-ING-0235,ING-0229,ING-0229,Крахмал картофельный,Крахмал картофельный,20,verified_primary_net,,NO,https://studopedia.net/17_42323_supi-s-makaronnimi-izdeliyami-domashney-lapshoy.html,YES
russian_normative_recipes_v22_5_row_nutrients_part2.xlsx,v13_part2,USSR82-317,317,Суп из плодов или ягод сушеных,Супы,II-ING-0235,ING-0235,ING-0235,Груши сушеные,Груши сушеные,150,verified_primary_net,,NO,https://studopedia.net/17_42323_supi-s-makaronnimi-izdeliyami-domashney-lapshoy.html,YES
russian_normative_recipes_v22_5_row_nutrients_part2.xlsx,v13_part2,USSR82-317,317,Суп из плодов или ягод сушеных,Супы,II-ING-0236,ING-0006,ING-0006,Вода,Вода,850,verified_primary_net,,NO,https://studopedia.net/17_42323_supi-s-makaronnimi-izdeliyami-domashney-lapshoy.html,YES
russian_normative_recipes_v22_5_row_nutrients_part2.xlsx,v13_part2,USSR82-317,317,Суп из плодов или ягод сушеных,Супы,II-ING-0236,ING-0042,ING-0042,Сахар,Сахар,100,verified_primary_net,,NO,https://studopedia.net/17_42323_supi-s-makaronnimi-izdeliyami-domashney-lapshoy.html,YES
russian_normative_recipes_v22_5_row_nutrients_part2.xlsx,v13_part2,USSR82-317,317,Суп из плодов или ягод сушеных,Супы,II-ING-0236,ING-0104,ING-0104,Кислота лимонная,Кислота лимонная,1,verified_primary_optional,,YES,https://studopedia.net/17_42323_supi-s-makaronnimi-izdeliyami-domashney-lapshoy.html,YES
russian_normative_recipes_v22_5_row_nutrients_part2.xlsx,v13_part2,USSR82-317,317,Суп из плодов или ягод сушеных,Супы,II-ING-0236,ING-0229,ING-0229,Крахмал картофельный,Крахмал картофельный,20,verified_primary_net,,NO,https://studopedia.net/17_42323_supi-s-makaronnimi-izdeliyami-domashney-lapshoy.html,YES
russian_normative_recipes_v22_5_row_nutrients_part2.xlsx,v13_part2,USSR82-317,317,Суп из плодов или ягод сушеных,Супы,II-ING-0236,ING-0236,ING-0236,Курага,Курага,120,verified_primary_net,,NO,https://studopedia.net/17_42323_supi-s-makaronnimi-izdeliyami-domashney-lapshoy.html,YES
russian_normative_recipes_v22_5_row_nutrients_part2.xlsx,v13_part2,USSR82-317,317,Суп из плодов или ягод сушеных,Супы,II-ING-0237,ING-0006,ING-0006,Вода,Вода,850,verified_primary_net,,NO,https://studopedia.net/17_42323_supi-s-makaronnimi-izdeliyami-domashney-lapshoy.html,YES
russian_normative_recipes_v22_5_row_nutrients_part2.xlsx,v13_part2,USSR82-317,317,Суп из плодов или ягод сушеных,Супы,II-ING-0237,ING-0042,ING-0042,Сахар,Сахар,100,verified_primary_net,,NO,https://studopedia.net/17_42323_supi-s-makaronnimi-izdeliyami-domashney-lapshoy.html,YES
russian_normative_recipes_v22_5_row_nutrients_part2.xlsx,v13_part2,USSR82-317,317,Суп из плодов или ягод сушеных,Супы,II-ING-0237,ING-0104,ING-0104,Кислота лимонная,Кислота лимонная,1,verified_primary_optional,,YES,https://studopedia.net/17_42323_supi-s-makaronnimi-izdeliyami-domashney-lapshoy.html,YES
russian_normative_recipes_v22_5_row_nutrients_part2.xlsx,v13_part2,USSR82-317,317,Суп из плодов или ягод сушеных,Супы,II-ING-0237,ING-0229,ING-0229,Крахмал картофельный,Крахмал картофельный,20,verified_primary_net,,NO,https://studopedia.net/17_42323_supi-s-makaronnimi-izdeliyami-domashney-lapshoy.html,YES
russian_normative_recipes_v22_5_row_nutrients_part2.xlsx,v13_part2,USSR82-317,317,Суп из плодов или ягод сушеных,Супы,II-ING-0237,ING-0237,ING-0237,Урюк,Урюк,160,verified_primary_net,,NO,https://studopedia.net/17_42323_supi-s-makaronnimi-izdeliyami-domashney-lapshoy.html,YES
russian_normative_recipes_v22_5_row_nutrients_part2.xlsx,v13_part2,USSR82-317,317,Суп из плодов или ягод сушеных,Супы,III-ING-0066,ING-0006,ING-0006,Вода,Вода,1100,verified_primary_net,,NO,https://studopedia.net/17_42323_supi-s-makaronnimi-izdeliyami-domashney-lapshoy.html,YES
russian_normative_recipes_v22_5_row_nutrients_part2.xlsx,v13_part2,USSR82-317,317,Суп из плодов или ягод сушеных,Супы,III-ING-0066,ING-0042,ING-0042,Сахар,Сахар,80,verified_primary_net,,NO,https://studopedia.net/17_42323_supi-s-makaronnimi-izdeliyami-domashney-lapshoy.html,YES
russian_normative_recipes_v22_5_row_nutrients_part2.xlsx,v13_part2,USSR82-317,317,Суп из плодов или ягод сушеных,Супы,III-ING-0066,ING-0066,ING-0066,Чернослив,Чернослив,100,verified_primary_net,,NO,https://studopedia.net/17_42323_supi-s-makaronnimi-izdeliyami-domashney-lapshoy.html,YES
russian_normative_recipes_v22_5_row_nutrients_part2.xlsx,v13_part2,USSR82-317,317,Суп из плодов или ягод сушеных,Супы,III-ING-0066,ING-0104,ING-0104,Кислота лимонная,Кислота лимонная,1,verified_primary_optional,,YES,https://studopedia.net/17_42323_supi-s-makaronnimi-izdeliyami-domashney-lapshoy.html,YES
russian_normative_recipes_v22_5_row_nutrients_part2.xlsx,v13_part2,USSR82-317,317,Суп из плодов или ягод сушеных,Супы,III-ING-0066,ING-0229,ING-0229,Крахмал картофельный,Крахмал картофельный,20,verified_primary_net,,NO,https://studopedia.net/17_42323_supi-s-makaronnimi-izdeliyami-domashney-lapshoy.html,YES
russian_normative_recipes_v22_5_row_nutrients_part2.xlsx,v13_part2,USSR82-317,317,Суп из плодов или ягод сушеных,Супы,III-ING-0079,ING-0006,ING-0006,Вода,Вода,950,verified_primary_net,,NO,https://studopedia.net/17_42323_supi-s-makaronnimi-izdeliyami-domashney-lapshoy.html,YES
russian_normative_recipes_v22_5_row_nutrients_part2.xlsx,v13_part2,USSR82-317,317,Суп из плодов или ягод сушеных,Супы,III-ING-0079,ING-0042,ING-0042,Сахар,Сахар,80,verified_primary_net,,NO,https://studopedia.net/17_42323_supi-s-makaronnimi-izdeliyami-domashney-lapshoy.html,YES
russian_normative_recipes_v22_5_row_nutrients_part2.xlsx,v13_part2,USSR82-317,317,Суп из плодов или ягод сушеных,Супы,III-ING-0079,ING-0079,ING-0079,Изюм,Изюм,100,verified_primary_net,,NO,https://studopedia.net/17_42323_supi-s-makaronnimi-izdeliyami-domashney-lapshoy.html,YES
russian_normative_recipes_v22_5_row_nutrients_part2.xlsx,v13_part2,USSR82-317,317,Суп из плодов или ягод сушеных,Супы,III-ING-0079,ING-0104,ING-0104,Кислота лимонная,Кислота лимонная,1,verified_primary_optional,,YES,https://studopedia.net/17_42323_supi-s-makaronnimi-izdeliyami-domashney-lapshoy.html,YES
russian_normative_recipes_v22_5_row_nutrients_part2.xlsx,v13_part2,USSR82-317,317,Суп из плодов или ягод сушеных,Супы,III-ING-0079,ING-0229,ING-0229,Крахмал картофельный,Крахмал картофельный,20,verified_primary_net,,NO,https://studopedia.net/17_42323_supi-s-makaronnimi-izdeliyami-domashney-lapshoy.html,YES
russian_normative_recipes_v22_5_row_nutrients_part2.xlsx,v13_part2,USSR82-317,317,Суп из плодов или ягод сушеных,Супы,III-ING-0234,ING-0006,ING-0006,Вода,Вода,1100,verified_primary_net,,NO,https://studopedia.net/17_42323_supi-s-makaronnimi-izdeliyami-domashney-lapshoy.html,YES
russian_normative_recipes_v22_5_row_nutrients_part2.xlsx,v13_part2,USSR82-317,317,Суп из плодов или ягод сушеных,Супы,III-ING-0234,ING-0042,ING-0042,Сахар,Сахар,80,verified_primary_net,,NO,https://studopedia.net/17_42323_supi-s-makaronnimi-izdeliyami-domashney-lapshoy.html,YES
russian_normative_recipes_v22_5_row_nutrients_part2.xlsx,v13_part2,USSR82-317,317,Суп из плодов или ягод сушеных,Супы,III-ING-0234,ING-0104,ING-0104,Кислота лимонная,Кислота лимонная,1,verified_primary_optional,,YES,https://studopedia.net/17_42323_supi-s-makaronnimi-izdeliyami-domashney-lapshoy.html,YES
russian_normative_recipes_v22_5_row_nutrients_part2.xlsx,v13_part2,USSR82-317,317,Суп из плодов или ягод сушеных,Супы,III-ING-0234,ING-0229,ING-0229,Крахмал картофельный,Крахмал картофельный,20,verified_primary_net,,NO,https://studopedia.net/17_42323_supi-s-makaronnimi-izdeliyami-domashney-lapshoy.html,YES
russian_normative_recipes_v22_5_row_nutrients_part2.xlsx,v13_part2,USSR82-317,317,Суп из плодов или ягод сушеных,Супы,III-ING-0234,ING-0234,ING-0234,Яблоки сушеные,Яблоки сушеные,80,verified_primary_net,,NO,https://studopedia.net/17_42323_supi-s-makaronnimi-izdeliyami-domashney-lapshoy.html,YES
russian_normative_recipes_v22_5_row_nutrients_part2.xlsx,v13_part2,USSR82-317,317,Суп из плодов или ягод сушеных,Супы,III-ING-0235,ING-0006,ING-0006,Вода,Вода,1100,verified_primary_net,,NO,https://studopedia.net/17_42323_supi-s-makaronnimi-izdeliyami-domashney-lapshoy.html,YES
russian_normative_recipes_v22_5_row_nutrients_part2.xlsx,v13_part2,USSR82-317,317,Суп из плодов или ягод сушеных,Супы,III-ING-0235,ING-0042,ING-0042,Сахар,Сахар,80,verified_primary_net,,NO,https://studopedia.net/17_42323_supi-s-makaronnimi-izdeliyami-domashney-lapshoy.html,YES
russian_normative_recipes_v22_5_row_nutrients_part2.xlsx,v13_part2,USSR82-317,317,Суп из плодов или ягод сушеных,Супы,III-ING-0235,ING-0104,ING-0104,Кислота лимонная,Кислота лимонная,1,verified_primary_optional,,YES,https://studopedia.net/17_42323_supi-s-makaronnimi-izdeliyami-domashney-lapshoy.html,YES
russian_normative_recipes_v22_5_row_nutrients_part2.xlsx,v13_part2,USSR82-317,317,Суп из плодов или ягод сушеных,Супы,III-ING-0235,ING-0229,ING-0229,Крахмал картофельный,Крахмал картофельный,20,verified_primary_net,,NO,https://studopedia.net/17_42323_supi-s-makaronnimi-izdeliyami-domashney-lapshoy.html,YES
russian_normative_recipes_v22_5_row_nutrients_part2.xlsx,v13_part2,USSR82-317,317,Суп из плодов или ягод сушеных,Супы,III-ING-0235,ING-0235,ING-0235,Груши сушеные,Груши сушеные,100,verified_primary_net,,NO,https://studopedia.net/17_42323_supi-s-makaronnimi-izdeliyami-domashney-lapshoy.html,YES
russian_normative_recipes_v22_5_row_nutrients_part2.xlsx,v13_part2,USSR82-317,317,Суп из плодов или ягод сушеных,Супы,III-ING-0237,ING-0006,ING-0006,Вода,Вода,1100,verified_primary_net,,NO,https://studopedia.net/17_42323_supi-s-makaronnimi-izdeliyami-domashney-lapshoy.html,YES
russian_normative_recipes_v22_5_row_nutrients_part2.xlsx,v13_part2,USSR82-317,317,Суп из плодов или ягод сушеных,Супы,III-ING-0237,ING-0042,ING-0042,Сахар,Сахар,80,verified_primary_net,,NO,https://studopedia.net/17_42323_supi-s-makaronnimi-izdeliyami-domashney-lapshoy.html,YES
russian_normative_recipes_v22_5_row_nutrients_part2.xlsx,v13_part2,USSR82-317,317,Суп из плодов или ягод сушеных,Супы,III-ING-0237,ING-0104,ING-0104,Кислота лимонная,Кислота лимонная,1,verified_primary_optional,,YES,https://studopedia.net/17_42323_supi-s-makaronnimi-izdeliyami-domashney-lapshoy.html,YES
russian_normative_recipes_v22_5_row_nutrients_part2.xlsx,v13_part2,USSR82-317,317,Суп из плодов или ягод сушеных,Супы,III-ING-0237,ING-0229,ING-0229,Крахмал картофельный,Крахмал картофельный,20,verified_primary_net,,NO,https://studopedia.net/17_42323_supi-s-makaronnimi-izdeliyami-domashney-lapshoy.html,YES
russian_normative_recipes_v22_5_row_nutrients_part2.xlsx,v13_part2,USSR82-317,317,Суп из плодов или ягод сушеных,Супы,III-ING-0237,ING-0237,ING-0237,Урюк,Урюк,100,verified_primary_net,,NO,https://studopedia.net/17_42323_supi-s-makaronnimi-izdeliyami-domashney-lapshoy.html,YES
russian_normative_recipes_v22_5_row_nutrients_part2.xlsx,v13_part2,USSR82-318,318,"Суп из ревеня, кураги и яблок",Супы,single,ING-0006,ING-0006,Вода,Вода,900,verified_primary_net,,NO,https://studopedia.net/17_42323_supi-s-makaronnimi-izdeliyami-domashney-lapshoy.html,YES
russian_normative_recipes_v22_5_row_nutrients_part2.xlsx,v13_part2,USSR82-318,318,"Суп из ревеня, кураги и яблок",Супы,single,ING-0042,ING-0042,Сахар,Сахар,100,verified_primary_net,,NO,https://studopedia.net/17_42323_supi-s-makaronnimi-izdeliyami-domashney-lapshoy.html,YES
russian_normative_recipes_v22_5_row_nutrients_part2.xlsx,v13_part2,USSR82-318,318,"Суп из ревеня, кураги и яблок",Супы,single,ING-0070,ING-0070,Яблоко,Яблоки,100,verified_primary_net,,NO,https://studopedia.net/17_42323_supi-s-makaronnimi-izdeliyami-domashney-lapshoy.html,YES
russian_normative_recipes_v22_5_row_nutrients_part2.xlsx,v13_part2,USSR82-318,318,"Суп из ревеня, кураги и яблок",Супы,single,ING-0229,ING-0229,Крахмал картофельный,Крахмал картофельный,20,verified_primary_net,,NO,https://studopedia.net/17_42323_supi-s-makaronnimi-izdeliyami-domashney-lapshoy.html,YES
russian_normative_recipes_v22_5_row_nutrients_part2.xlsx,v13_part2,USSR82-318,318,"Суп из ревеня, кураги и яблок",Супы,single,ING-0236,ING-0236,Курага,Курага,50,verified_primary_net,,NO,https://studopedia.net/17_42323_supi-s-makaronnimi-izdeliyami-domashney-lapshoy.html,YES
russian_normative_recipes_v22_5_row_nutrients_part2.xlsx,v13_part2,USSR82-318,318,"Суп из ревеня, кураги и яблок",Супы,single,ING-0238,ING-0238,Ревень,Ревень овощной свежий,100,verified_primary_net,,NO,https://studopedia.net/17_42323_supi-s-makaronnimi-izdeliyami-domashney-lapshoy.html,YES
russian_normative_recipes_v22_5_row_nutrients_part2.xlsx,v13_part2,USSR82-319,319,Суп-пюре из плодов или ягод свежих,Супы,I-ING-0070,ING-0006,ING-0006,Вода,Вода,800,verified_primary_net,,NO,https://studopedia.net/17_42323_supi-s-makaronnimi-izdeliyami-domashney-lapshoy.html,YES
russian_normative_recipes_v22_5_row_nutrients_part2.xlsx,v13_part2,USSR82-319,319,Суп-пюре из плодов или ягод свежих,Супы,I-ING-0070,ING-0042,ING-0042,Сахар,Сахар,120,verified_primary_net,,NO,https://studopedia.net/17_42323_supi-s-makaronnimi-izdeliyami-domashney-lapshoy.html,YES
russian_normative_recipes_v22_5_row_nutrients_part2.xlsx,v13_part2,USSR82-319,319,Суп-пюре из плодов или ягод свежих,Супы,I-ING-0070,ING-0070,ING-0070,Яблоко,Яблоки,360,verified_primary_net,,NO,https://studopedia.net/17_42323_supi-s-makaronnimi-izdeliyami-domashney-lapshoy.html,YES
russian_normative_recipes_v22_5_row_nutrients_part2.xlsx,v13_part2,USSR82-319,319,Суп-пюре из плодов или ягод свежих,Супы,I-ING-0070,ING-0229,ING-0229,Крахмал картофельный,Крахмал картофельный,20,verified_primary_net,,NO,https://studopedia.net/17_42323_supi-s-makaronnimi-izdeliyami-domashney-lapshoy.html,YES
russian_normative_recipes_v22_5_row_nutrients_part2.xlsx,v13_part2,USSR82-319,319,Суп-пюре из плодов или ягод свежих,Супы,I-ING-0070,ING-0230,ING-0230,Корица,Корица,1,verified_primary_net,,NO,https://studopedia.net/17_42323_supi-s-makaronnimi-izdeliyami-domashney-lapshoy.html,YES
russian_normative_recipes_v22_5_row_nutrients_part2.xlsx,v13_part2,USSR82-319,319,Суп-пюре из плодов или ягод свежих,Супы,I-ING-0228,ING-0006,ING-0006,Вода,Вода,800,verified_primary_net,,NO,https://studopedia.net/17_42323_supi-s-makaronnimi-izdeliyami-domashney-lapshoy.html,YES
russian_normative_recipes_v22_5_row_nutrients_part2.xlsx,v13_part2,USSR82-319,319,Суп-пюре из плодов или ягод свежих,Супы,I-ING-0228,ING-0042,ING-0042,Сахар,Сахар,120,verified_primary_net,,NO,https://studopedia.net/17_42323_supi-s-makaronnimi-izdeliyami-domashney-lapshoy.html,YES
russian_normative_recipes_v22_5_row_nutrients_part2.xlsx,v13_part2,USSR82-319,319,Суп-пюре из плодов или ягод свежих,Супы,I-ING-0228,ING-0228,ING-0228,Слива,Слива,360,verified_primary_net,,NO,https://studopedia.net/17_42323_supi-s-makaronnimi-izdeliyami-domashney-lapshoy.html,YES
russian_normative_recipes_v22_5_row_nutrients_part2.xlsx,v13_part2,USSR82-319,319,Суп-пюре из плодов или ягод свежих,Супы,I-ING-0228,ING-0229,ING-0229,Крахмал картофельный,Крахмал картофельный,20,verified_primary_net,,NO,https://studopedia.net/17_42323_supi-s-makaronnimi-izdeliyami-domashney-lapshoy.html,YES
russian_normative_recipes_v22_5_row_nutrients_part2.xlsx,v13_part2,USSR82-319,319,Суп-пюре из плодов или ягод свежих,Супы,I-ING-0239,ING-0006,ING-0006,Вода,Вода,800,verified_primary_net,,NO,https://studopedia.net/17_42323_supi-s-makaronnimi-izdeliyami-domashney-lapshoy.html,YES
russian_normative_recipes_v22_5_row_nutrients_part2.xlsx,v13_part2,USSR82-319,319,Суп-пюре из плодов или ягод свежих,Супы,I-ING-0239,ING-0042,ING-0042,Сахар,Сахар,120,verified_primary_net,,NO,https://studopedia.net/17_42323_supi-s-makaronnimi-izdeliyami-domashney-lapshoy.html,YES
russian_normative_recipes_v22_5_row_nutrients_part2.xlsx,v13_part2,USSR82-319,319,Суп-пюре из плодов или ягод свежих,Супы,I-ING-0239,ING-0229,ING-0229,Крахмал картофельный,Крахмал картофельный,20,verified_primary_net,,NO,https://studopedia.net/17_42323_supi-s-makaronnimi-izdeliyami-domashney-lapshoy.html,YES
russian_normative_recipes_v22_5_row_nutrients_part2.xlsx,v13_part2,USSR82-319,319,Суп-пюре из плодов или ягод свежих,Супы,I-ING-0239,ING-0239,ING-0239,Малина,Малина,360,verified_primary_net,,NO,https://studopedia.net/17_42323_supi-s-makaronnimi-izdeliyami-domashney-lapshoy.html,YES
russian_normative_recipes_v22_5_row_nutrients_part2.xlsx,v13_part2,USSR82-319,319,Суп-пюре из плодов или ягод свежих,Супы,I-ING-0240,ING-0006,ING-0006,Вода,Вода,800,verified_primary_net,,NO,https://studopedia.net/17_42323_supi-s-makaronnimi-izdeliyami-domashney-lapshoy.html,YES
russian_normative_recipes_v22_5_row_nutrients_part2.xlsx,v13_part2,USSR82-319,319,Суп-пюре из плодов или ягод свежих,Супы,I-ING-0240,ING-0042,ING-0042,Сахар,Сахар,120,verified_primary_net,,NO,https://studopedia.net/17_42323_supi-s-makaronnimi-izdeliyami-domashney-lapshoy.html,YES
russian_normative_recipes_v22_5_row_nutrients_part2.xlsx,v13_part2,USSR82-319,319,Суп-пюре из плодов или ягод свежих,Супы,I-ING-0240,ING-0229,ING-0229,Крахмал картофельный,Крахмал картофельный,20,verified_primary_net,,NO,https://studopedia.net/17_42323_supi-s-makaronnimi-izdeliyami-domashney-lapshoy.html,YES
russian_normative_recipes_v22_5_row_nutrients_part2.xlsx,v13_part2,USSR82-319,319,Суп-пюре из плодов или ягод свежих,Супы,I-ING-0240,ING-0240,ING-0240,Земляника садовая,Земляника садовая,360,verified_primary_net,,NO,https://studopedia.net/17_42323_supi-s-makaronnimi-izdeliyami-domashney-lapshoy.html,YES
russian_normative_recipes_v22_5_row_nutrients_part2.xlsx,v13_part2,USSR82-319,319,Суп-пюре из плодов или ягод свежих,Супы,I-ING-0241,ING-0006,ING-0006,Вода,Вода,800,verified_primary_net,,NO,https://studopedia.net/17_42323_supi-s-makaronnimi-izdeliyami-domashney-lapshoy.html,YES
russian_normative_recipes_v22_5_row_nutrients_part2.xlsx,v13_part2,USSR82-319,319,Суп-пюре из плодов или ягод свежих,Супы,I-ING-0241,ING-0042,ING-0042,Сахар,Сахар,120,verified_primary_net,,NO,https://studopedia.net/17_42323_supi-s-makaronnimi-izdeliyami-domashney-lapshoy.html,YES
russian_normative_recipes_v22_5_row_nutrients_part2.xlsx,v13_part2,USSR82-319,319,Суп-пюре из плодов или ягод свежих,Супы,I-ING-0241,ING-0229,ING-0229,Крахмал картофельный,Крахмал картофельный,20,verified_primary_net,,NO,https://studopedia.net/17_42323_supi-s-makaronnimi-izdeliyami-domashney-lapshoy.html,YES
russian_normative_recipes_v22_5_row_nutrients_part2.xlsx,v13_part2,USSR82-319,319,Суп-пюре из плодов или ягод свежих,Супы,I-ING-0241,ING-0241,ING-0241,Черника,Черника,360,verified_primary_net,,NO,https://studopedia.net/17_42323_supi-s-makaronnimi-izdeliyami-domashney-lapshoy.html,YES
russian_normative_recipes_v22_5_row_nutrients_part2.xlsx,v13_part2,USSR82-319,319,Суп-пюре из плодов или ягод свежих,Супы,I-ING-0242,ING-0006,ING-0006,Вода,Вода,800,verified_primary_net,,NO,https://studopedia.net/17_42323_supi-s-makaronnimi-izdeliyami-domashney-lapshoy.html,YES
russian_normative_recipes_v22_5_row_nutrients_part2.xlsx,v13_part2,USSR82-319,319,Суп-пюре из плодов или ягод свежих,Супы,I-ING-0242,ING-0042,ING-0042,Сахар,Сахар,120,verified_primary_net,,NO,https://studopedia.net/17_42323_supi-s-makaronnimi-izdeliyami-domashney-lapshoy.html,YES
russian_normative_recipes_v22_5_row_nutrients_part2.xlsx,v13_part2,USSR82-319,319,Суп-пюре из плодов или ягод свежих,Супы,I-ING-0242,ING-0229,ING-0229,Крахмал картофельный,Крахмал картофельный,20,verified_primary_net,,NO,https://studopedia.net/17_42323_supi-s-makaronnimi-izdeliyami-domashney-lapshoy.html,YES
russian_normative_recipes_v22_5_row_nutrients_part2.xlsx,v13_part2,USSR82-319,319,Суп-пюре из плодов или ягод свежих,Супы,I-ING-0242,ING-0242,ING-0242,Вишня,Вишня,360,verified_primary_net,,NO,https://studopedia.net/17_42323_supi-s-makaronnimi-izdeliyami-domashney-lapshoy.html,YES
russian_normative_recipes_v22_5_row_nutrients_part2.xlsx,v13_part2,USSR82-319,319,Суп-пюре из плодов или ягод свежих,Супы,I-ING-0243,ING-0006,ING-0006,Вода,Вода,800,verified_primary_net,,NO,https://studopedia.net/17_42323_supi-s-makaronnimi-izdeliyami-domashney-lapshoy.html,YES
russian_normative_recipes_v22_5_row_nutrients_part2.xlsx,v13_part2,USSR82-319,319,Суп-пюре из плодов или ягод свежих,Супы,I-ING-0243,ING-0042,ING-0042,Сахар,Сахар,120,verified_primary_net,,NO,https://studopedia.net/17_42323_supi-s-makaronnimi-izdeliyami-domashney-lapshoy.html,YES
russian_normative_recipes_v22_5_row_nutrients_part2.xlsx,v13_part2,USSR82-319,319,Суп-пюре из плодов или ягод свежих,Супы,I-ING-0243,ING-0229,ING-0229,Крахмал картофельный,Крахмал картофельный,20,verified_primary_net,,NO,https://studopedia.net/17_42323_supi-s-makaronnimi-izdeliyami-domashney-lapshoy.html,YES
russian_normative_recipes_v22_5_row_nutrients_part2.xlsx,v13_part2,USSR82-319,319,Суп-пюре из плодов или ягод свежих,Супы,I-ING-0243,ING-0243,ING-0243,Черешня,Черешня,360,verified_primary_net,,NO,https://studopedia.net/17_42323_supi-s-makaronnimi-izdeliyami-domashney-lapshoy.html,YES
russian_normative_recipes_v22_5_row_nutrients_part2.xlsx,v13_part2,USSR82-319,319,Суп-пюре из плодов или ягод свежих,Супы,I-ING-0244,ING-0006,ING-0006,Вода,Вода,800,verified_primary_net,,NO,https://studopedia.net/17_42323_supi-s-makaronnimi-izdeliyami-domashney-lapshoy.html,YES
russian_normative_recipes_v22_5_row_nutrients_part2.xlsx,v13_part2,USSR82-319,319,Суп-пюре из плодов или ягод свежих,Супы,I-ING-0244,ING-0042,ING-0042,Сахар,Сахар,120,verified_primary_net,,NO,https://studopedia.net/17_42323_supi-s-makaronnimi-izdeliyami-domashney-lapshoy.html,YES
russian_normative_recipes_v22_5_row_nutrients_part2.xlsx,v13_part2,USSR82-319,319,Суп-пюре из плодов или ягод свежих,Супы,I-ING-0244,ING-0229,ING-0229,Крахмал картофельный,Крахмал картофельный,20,verified_primary_net,,NO,https://studopedia.net/17_42323_supi-s-makaronnimi-izdeliyami-domashney-lapshoy.html,YES
russian_normative_recipes_v22_5_row_nutrients_part2.xlsx,v13_part2,USSR82-319,319,Суп-пюре из плодов или ягод свежих,Супы,I-ING-0244,ING-0244,ING-0244,Персик,Персики,360,verified_primary_net,,NO,https://studopedia.net/17_42323_supi-s-makaronnimi-izdeliyami-domashney-lapshoy.html,YES
russian_normative_recipes_v22_5_row_nutrients_part2.xlsx,v13_part2,USSR82-319,319,Суп-пюре из плодов или ягод свежих,Супы,I-ING-0245,ING-0006,ING-0006,Вода,Вода,800,verified_primary_net,,NO,https://studopedia.net/17_42323_supi-s-makaronnimi-izdeliyami-domashney-lapshoy.html,YES
russian_normative_recipes_v22_5_row_nutrients_part2.xlsx,v13_part2,USSR82-319,319,Суп-пюре из плодов или ягод свежих,Супы,I-ING-0245,ING-0042,ING-0042,Сахар,Сахар,120,verified_primary_net,,NO,https://studopedia.net/17_42323_supi-s-makaronnimi-izdeliyami-domashney-lapshoy.html,YES
russian_normative_recipes_v22_5_row_nutrients_part2.xlsx,v13_part2,USSR82-319,319,Суп-пюре из плодов или ягод свежих,Супы,I-ING-0245,ING-0229,ING-0229,Крахмал картофельный,Крахмал картофельный,20,verified_primary_net,,NO,https://studopedia.net/17_42323_supi-s-makaronnimi-izdeliyami-domashney-lapshoy.html,YES
russian_normative_recipes_v22_5_row_nutrients_part2.xlsx,v13_part2,USSR82-319,319,Суп-пюре из плодов или ягод свежих,Супы,I-ING-0245,ING-0245,ING-0245,Абрикос,Абрикосы,360,verified_primary_net,,NO,https://studopedia.net/17_42323_supi-s-makaronnimi-izdeliyami-domashney-lapshoy.html,YES
russian_normative_recipes_v22_5_row_nutrients_part2.xlsx,v13_part2,USSR82-319,319,Суп-пюре из плодов или ягод свежих,Супы,I-ING-0246,ING-0006,ING-0006,Вода,Вода,800,verified_primary_net,,NO,https://studopedia.net/17_42323_supi-s-makaronnimi-izdeliyami-domashney-lapshoy.html,YES
russian_normative_recipes_v22_5_row_nutrients_part2.xlsx,v13_part2,USSR82-319,319,Суп-пюре из плодов или ягод свежих,Супы,I-ING-0246,ING-0042,ING-0042,Сахар,Сахар,120,verified_primary_net,,NO,https://studopedia.net/17_42323_supi-s-makaronnimi-izdeliyami-domashney-lapshoy.html,YES
russian_normative_recipes_v22_5_row_nutrients_part2.xlsx,v13_part2,USSR82-319,319,Суп-пюре из плодов или ягод свежих,Супы,I-ING-0246,ING-0229,ING-0229,Крахмал картофельный,Крахмал картофельный,20,verified_primary_net,,NO,https://studopedia.net/17_42323_supi-s-makaronnimi-izdeliyami-domashney-lapshoy.html,YES
russian_normative_recipes_v22_5_row_nutrients_part2.xlsx,v13_part2,USSR82-319,319,Суп-пюре из плодов или ягод свежих,Супы,I-ING-0246,ING-0246,ING-0246,Клюква,Клюква,150,verified_primary_net,,NO,https://studopedia.net/17_42323_supi-s-makaronnimi-izdeliyami-domashney-lapshoy.html,YES
russian_normative_recipes_v22_5_row_nutrients_part2.xlsx,v13_part2,USSR82-319,319,Суп-пюре из плодов или ягод свежих,Супы,II-ING-0070,ING-0006,ING-0006,Вода,Вода,800,verified_primary_net,,NO,https://studopedia.net/17_42323_supi-s-makaronnimi-izdeliyami-domashney-lapshoy.html,YES
russian_normative_recipes_v22_5_row_nutrients_part2.xlsx,v13_part2,USSR82-319,319,Суп-пюре из плодов или ягод свежих,Супы,II-ING-0070,ING-0042,ING-0042,Сахар,Сахар,100,verified_primary_net,,NO,https://studopedia.net/17_42323_supi-s-makaronnimi-izdeliyami-domashney-lapshoy.html,YES
russian_normative_recipes_v22_5_row_nutrients_part2.xlsx,v13_part2,USSR82-319,319,Суп-пюре из плодов или ягод свежих,Супы,II-ING-0070,ING-0070,ING-0070,Яблоко,Яблоки,260,verified_primary_net,,NO,https://studopedia.net/17_42323_supi-s-makaronnimi-izdeliyami-domashney-lapshoy.html,YES
russian_normative_recipes_v22_5_row_nutrients_part2.xlsx,v13_part2,USSR82-319,319,Суп-пюре из плодов или ягод свежих,Супы,II-ING-0070,ING-0229,ING-0229,Крахмал картофельный,Крахмал картофельный,20,verified_primary_net,,NO,https://studopedia.net/17_42323_supi-s-makaronnimi-izdeliyami-domashney-lapshoy.html,YES
russian_normative_recipes_v22_5_row_nutrients_part2.xlsx,v13_part2,USSR82-319,319,Суп-пюре из плодов или ягод свежих,Супы,II-ING-0070,ING-0230,ING-0230,Корица,Корица,1,verified_primary_net,,NO,https://studopedia.net/17_42323_supi-s-makaronnimi-izdeliyami-domashney-lapshoy.html,YES
russian_normative_recipes_v22_5_row_nutrients_part2.xlsx,v13_part2,USSR82-319,319,Суп-пюре из плодов или ягод свежих,Супы,II-ING-0228,ING-0006,ING-0006,Вода,Вода,800,verified_primary_net,,NO,https://studopedia.net/17_42323_supi-s-makaronnimi-izdeliyami-domashney-lapshoy.html,YES
russian_normative_recipes_v22_5_row_nutrients_part2.xlsx,v13_part2,USSR82-319,319,Суп-пюре из плодов или ягод свежих,Супы,II-ING-0228,ING-0042,ING-0042,Сахар,Сахар,100,verified_primary_net,,NO,https://studopedia.net/17_42323_supi-s-makaronnimi-izdeliyami-domashney-lapshoy.html,YES
russian_normative_recipes_v22_5_row_nutrients_part2.xlsx,v13_part2,USSR82-319,319,Суп-пюре из плодов или ягод свежих,Супы,II-ING-0228,ING-0228,ING-0228,Слива,Слива,260,verified_primary_net,,NO,https://studopedia.net/17_42323_supi-s-makaronnimi-izdeliyami-domashney-lapshoy.html,YES
russian_normative_recipes_v22_5_row_nutrients_part2.xlsx,v13_part2,USSR82-319,319,Суп-пюре из плодов или ягод свежих,Супы,II-ING-0228,ING-0229,ING-0229,Крахмал картофельный,Крахмал картофельный,20,verified_primary_net,,NO,https://studopedia.net/17_42323_supi-s-makaronnimi-izdeliyami-domashney-lapshoy.html,YES
russian_normative_recipes_v22_5_row_nutrients_part2.xlsx,v13_part2,USSR82-319,319,Суп-пюре из плодов или ягод свежих,Супы,II-ING-0239,ING-0006,ING-0006,Вода,Вода,800,verified_primary_net,,NO,https://studopedia.net/17_42323_supi-s-makaronnimi-izdeliyami-domashney-lapshoy.html,YES
russian_normative_recipes_v22_5_row_nutrients_part2.xlsx,v13_part2,USSR82-319,319,Суп-пюре из плодов или ягод свежих,Супы,II-ING-0239,ING-0042,ING-0042,Сахар,Сахар,100,verified_primary_net,,NO,https://studopedia.net/17_42323_supi-s-makaronnimi-izdeliyami-domashney-lapshoy.html,YES
russian_normative_recipes_v22_5_row_nutrients_part2.xlsx,v13_part2,USSR82-319,319,Суп-пюре из плодов или ягод свежих,Супы,II-ING-0239,ING-0229,ING-0229,Крахмал картофельный,Крахмал картофельный,20,verified_primary_net,,NO,https://studopedia.net/17_42323_supi-s-makaronnimi-izdeliyami-domashney-lapshoy.html,YES
russian_normative_recipes_v22_5_row_nutrients_part2.xlsx,v13_part2,USSR82-319,319,Суп-пюре из плодов или ягод свежих,Супы,II-ING-0239,ING-0239,ING-0239,Малина,Малина,260,verified_primary_net,,NO,https://studopedia.net/17_42323_supi-s-makaronnimi-izdeliyami-domashney-lapshoy.html,YES
russian_normative_recipes_v22_5_row_nutrients_part2.xlsx,v13_part2,USSR82-319,319,Суп-пюре из плодов или ягод свежих,Супы,II-ING-0240,ING-0006,ING-0006,Вода,Вода,800,verified_primary_net,,NO,https://studopedia.net/17_42323_supi-s-makaronnimi-izdeliyami-domashney-lapshoy.html,YES
russian_normative_recipes_v22_5_row_nutrients_part2.xlsx,v13_part2,USSR82-319,319,Суп-пюре из плодов или ягод свежих,Супы,II-ING-0240,ING-0042,ING-0042,Сахар,Сахар,100,verified_primary_net,,NO,https://studopedia.net/17_42323_supi-s-makaronnimi-izdeliyami-domashney-lapshoy.html,YES
russian_normative_recipes_v22_5_row_nutrients_part2.xlsx,v13_part2,USSR82-319,319,Суп-пюре из плодов или ягод свежих,Супы,II-ING-0240,ING-0229,ING-0229,Крахмал картофельный,Крахмал картофельный,20,verified_primary_net,,NO,https://studopedia.net/17_42323_supi-s-makaronnimi-izdeliyami-domashney-lapshoy.html,YES
russian_normative_recipes_v22_5_row_nutrients_part2.xlsx,v13_part2,USSR82-319,319,Суп-пюре из плодов или ягод свежих,Супы,II-ING-0240,ING-0240,ING-0240,Земляника садовая,Земляника садовая,260,verified_primary_net,,NO,https://studopedia.net/17_42323_supi-s-makaronnimi-izdeliyami-domashney-lapshoy.html,YES
russian_normative_recipes_v22_5_row_nutrients_part2.xlsx,v13_part2,USSR82-319,319,Суп-пюре из плодов или ягод свежих,Супы,II-ING-0241,ING-0006,ING-0006,Вода,Вода,800,verified_primary_net,,NO,https://studopedia.net/17_42323_supi-s-makaronnimi-izdeliyami-domashney-lapshoy.html,YES
russian_normative_recipes_v22_5_row_nutrients_part2.xlsx,v13_part2,USSR82-319,319,Суп-пюре из плодов или ягод свежих,Супы,II-ING-0241,ING-0042,ING-0042,Сахар,Сахар,100,verified_primary_net,,NO,https://studopedia.net/17_42323_supi-s-makaronnimi-izdeliyami-domashney-lapshoy.html,YES
russian_normative_recipes_v22_5_row_nutrients_part2.xlsx,v13_part2,USSR82-319,319,Суп-пюре из плодов или ягод свежих,Супы,II-ING-0241,ING-0229,ING-0229,Крахмал картофельный,Крахмал картофельный,20,verified_primary_net,,NO,https://studopedia.net/17_42323_supi-s-makaronnimi-izdeliyami-domashney-lapshoy.html,YES
russian_normative_recipes_v22_5_row_nutrients_part2.xlsx,v13_part2,USSR82-319,319,Суп-пюре из плодов или ягод свежих,Супы,II-ING-0241,ING-0241,ING-0241,Черника,Черника,260,verified_primary_net,,NO,https://studopedia.net/17_42323_supi-s-makaronnimi-izdeliyami-domashney-lapshoy.html,YES
russian_normative_recipes_v22_5_row_nutrients_part2.xlsx,v13_part2,USSR82-319,319,Суп-пюре из плодов или ягод свежих,Супы,II-ING-0242,ING-0006,ING-0006,Вода,Вода,800,verified_primary_net,,NO,https://studopedia.net/17_42323_supi-s-makaronnimi-izdeliyami-domashney-lapshoy.html,YES
russian_normative_recipes_v22_5_row_nutrients_part2.xlsx,v13_part2,USSR82-319,319,Суп-пюре из плодов или ягод свежих,Супы,II-ING-0242,ING-0042,ING-0042,Сахар,Сахар,100,verified_primary_net,,NO,https://studopedia.net/17_42323_supi-s-makaronnimi-izdeliyami-domashney-lapshoy.html,YES
russian_normative_recipes_v22_5_row_nutrients_part2.xlsx,v13_part2,USSR82-319,319,Суп-пюре из плодов или ягод свежих,Супы,II-ING-0242,ING-0229,ING-0229,Крахмал картофельный,Крахмал картофельный,20,verified_primary_net,,NO,https://studopedia.net/17_42323_supi-s-makaronnimi-izdeliyami-domashney-lapshoy.html,YES
russian_normative_recipes_v22_5_row_nutrients_part2.xlsx,v13_part2,USSR82-319,319,Суп-пюре из плодов или ягод свежих,Супы,II-ING-0242,ING-0242,ING-0242,Вишня,Вишня,260,verified_primary_net,,NO,https://studopedia.net/17_42323_supi-s-makaronnimi-izdeliyami-domashney-lapshoy.html,YES
russian_normative_recipes_v22_5_row_nutrients_part2.xlsx,v13_part2,USSR82-319,319,Суп-пюре из плодов или ягод свежих,Супы,II-ING-0243,ING-0006,ING-0006,Вода,Вода,800,verified_primary_net,,NO,https://studopedia.net/17_42323_supi-s-makaronnimi-izdeliyami-domashney-lapshoy.html,YES
russian_normative_recipes_v22_5_row_nutrients_part2.xlsx,v13_part2,USSR82-319,319,Суп-пюре из плодов или ягод свежих,Супы,II-ING-0243,ING-0042,ING-0042,Сахар,Сахар,100,verified_primary_net,,NO,https://studopedia.net/17_42323_supi-s-makaronnimi-izdeliyami-domashney-lapshoy.html,YES
russian_normative_recipes_v22_5_row_nutrients_part2.xlsx,v13_part2,USSR82-319,319,Суп-пюре из плодов или ягод свежих,Супы,II-ING-0243,ING-0229,ING-0229,Крахмал картофельный,Крахмал картофельный,20,verified_primary_net,,NO,https://studopedia.net/17_42323_supi-s-makaronnimi-izdeliyami-domashney-lapshoy.html,YES
russian_normative_recipes_v22_5_row_nutrients_part2.xlsx,v13_part2,USSR82-319,319,Суп-пюре из плодов или ягод свежих,Супы,II-ING-0243,ING-0243,ING-0243,Черешня,Черешня,260,verified_primary_net,,NO,https://studopedia.net/17_42323_supi-s-makaronnimi-izdeliyami-domashney-lapshoy.html,YES
russian_normative_recipes_v22_5_row_nutrients_part2.xlsx,v13_part2,USSR82-319,319,Суп-пюре из плодов или ягод свежих,Супы,II-ING-0244,ING-0006,ING-0006,Вода,Вода,800,verified_primary_net,,NO,https://studopedia.net/17_42323_supi-s-makaronnimi-izdeliyami-domashney-lapshoy.html,YES
russian_normative_recipes_v22_5_row_nutrients_part2.xlsx,v13_part2,USSR82-319,319,Суп-пюре из плодов или ягод свежих,Супы,II-ING-0244,ING-0042,ING-0042,Сахар,Сахар,100,verified_primary_net,,NO,https://studopedia.net/17_42323_supi-s-makaronnimi-izdeliyami-domashney-lapshoy.html,YES
russian_normative_recipes_v22_5_row_nutrients_part2.xlsx,v13_part2,USSR82-319,319,Суп-пюре из плодов или ягод свежих,Супы,II-ING-0244,ING-0229,ING-0229,Крахмал картофельный,Крахмал картофельный,20,verified_primary_net,,NO,https://studopedia.net/17_42323_supi-s-makaronnimi-izdeliyami-domashney-lapshoy.html,YES
russian_normative_recipes_v22_5_row_nutrients_part2.xlsx,v13_part2,USSR82-319,319,Суп-пюре из плодов или ягод свежих,Супы,II-ING-0244,ING-0244,ING-0244,Персик,Персики,260,verified_primary_net,,NO,https://studopedia.net/17_42323_supi-s-makaronnimi-izdeliyami-domashney-lapshoy.html,YES
russian_normative_recipes_v22_5_row_nutrients_part2.xlsx,v13_part2,USSR82-319,319,Суп-пюре из плодов или ягод свежих,Супы,II-ING-0245,ING-0006,ING-0006,Вода,Вода,800,verified_primary_net,,NO,https://studopedia.net/17_42323_supi-s-makaronnimi-izdeliyami-domashney-lapshoy.html,YES
russian_normative_recipes_v22_5_row_nutrients_part2.xlsx,v13_part2,USSR82-319,319,Суп-пюре из плодов или ягод свежих,Супы,II-ING-0245,ING-0042,ING-0042,Сахар,Сахар,100,verified_primary_net,,NO,https://studopedia.net/17_42323_supi-s-makaronnimi-izdeliyami-domashney-lapshoy.html,YES
russian_normative_recipes_v22_5_row_nutrients_part2.xlsx,v13_part2,USSR82-319,319,Суп-пюре из плодов или ягод свежих,Супы,II-ING-0245,ING-0229,ING-0229,Крахмал картофельный,Крахмал картофельный,20,verified_primary_net,,NO,https://studopedia.net/17_42323_supi-s-makaronnimi-izdeliyami-domashney-lapshoy.html,YES
russian_normative_recipes_v22_5_row_nutrients_part2.xlsx,v13_part2,USSR82-319,319,Суп-пюре из плодов или ягод свежих,Супы,II-ING-0245,ING-0245,ING-0245,Абрикос,Абрикосы,260,verified_primary_net,,NO,https://studopedia.net/17_42323_supi-s-makaronnimi-izdeliyami-domashney-lapshoy.html,YES
russian_normative_recipes_v22_5_row_nutrients_part2.xlsx,v13_part2,USSR82-319,319,Суп-пюре из плодов или ягод свежих,Супы,II-ING-0246,ING-0006,ING-0006,Вода,Вода,800,verified_primary_net,,NO,https://studopedia.net/17_42323_supi-s-makaronnimi-izdeliyami-domashney-lapshoy.html,YES
russian_normative_recipes_v22_5_row_nutrients_part2.xlsx,v13_part2,USSR82-319,319,Суп-пюре из плодов или ягод свежих,Супы,II-ING-0246,ING-0042,ING-0042,Сахар,Сахар,100,verified_primary_net,,NO,https://studopedia.net/17_42323_supi-s-makaronnimi-izdeliyami-domashney-lapshoy.html,YES
russian_normative_recipes_v22_5_row_nutrients_part2.xlsx,v13_part2,USSR82-319,319,Суп-пюре из плодов или ягод свежих,Супы,II-ING-0246,ING-0229,ING-0229,Крахмал картофельный,Крахмал картофельный,20,verified_primary_net,,NO,https://studopedia.net/17_42323_supi-s-makaronnimi-izdeliyami-domashney-lapshoy.html,YES
russian_normative_recipes_v22_5_row_nutrients_part2.xlsx,v13_part2,USSR82-319,319,Суп-пюре из плодов или ягод свежих,Супы,II-ING-0246,ING-0246,ING-0246,Клюква,Клюква,120,verified_primary_net,,NO,https://studopedia.net/17_42323_supi-s-makaronnimi-izdeliyami-domashney-lapshoy.html,YES
russian_normative_recipes_v22_5_row_nutrients_part2.xlsx,v13_part2,USSR82-319,319,Суп-пюре из плодов или ягод свежих,Супы,III-ING-0070,ING-0006,ING-0006,Вода,Вода,800,verified_primary_net,,NO,https://studopedia.net/17_42323_supi-s-makaronnimi-izdeliyami-domashney-lapshoy.html,YES
russian_normative_recipes_v22_5_row_nutrients_part2.xlsx,v13_part2,USSR82-319,319,Суп-пюре из плодов или ягод свежих,Супы,III-ING-0070,ING-0042,ING-0042,Сахар,Сахар,80,verified_primary_net,,NO,https://studopedia.net/17_42323_supi-s-makaronnimi-izdeliyami-domashney-lapshoy.html,YES
russian_normative_recipes_v22_5_row_nutrients_part2.xlsx,v13_part2,USSR82-319,319,Суп-пюре из плодов или ягод свежих,Супы,III-ING-0070,ING-0070,ING-0070,Яблоко,Яблоки,260,verified_primary_net,,NO,https://studopedia.net/17_42323_supi-s-makaronnimi-izdeliyami-domashney-lapshoy.html,YES
russian_normative_recipes_v22_5_row_nutrients_part2.xlsx,v13_part2,USSR82-319,319,Суп-пюре из плодов или ягод свежих,Супы,III-ING-0070,ING-0229,ING-0229,Крахмал картофельный,Крахмал картофельный,20,verified_primary_net,,NO,https://studopedia.net/17_42323_supi-s-makaronnimi-izdeliyami-domashney-lapshoy.html,YES
russian_normative_recipes_v22_5_row_nutrients_part2.xlsx,v13_part2,USSR82-319,319,Суп-пюре из плодов или ягод свежих,Супы,III-ING-0070,ING-0230,ING-0230,Корица,Корица,1,verified_primary_net,,NO,https://studopedia.net/17_42323_supi-s-makaronnimi-izdeliyami-domashney-lapshoy.html,YES
russian_normative_recipes_v22_5_row_nutrients_part2.xlsx,v13_part2,USSR82-319,319,Суп-пюре из плодов или ягод свежих,Супы,III-ING-0228,ING-0006,ING-0006,Вода,Вода,800,verified_primary_net,,NO,https://studopedia.net/17_42323_supi-s-makaronnimi-izdeliyami-domashney-lapshoy.html,YES
russian_normative_recipes_v22_5_row_nutrients_part2.xlsx,v13_part2,USSR82-319,319,Суп-пюре из плодов или ягод свежих,Супы,III-ING-0228,ING-0042,ING-0042,Сахар,Сахар,80,verified_primary_net,,NO,https://studopedia.net/17_42323_supi-s-makaronnimi-izdeliyami-domashney-lapshoy.html,YES
russian_normative_recipes_v22_5_row_nutrients_part2.xlsx,v13_part2,USSR82-319,319,Суп-пюре из плодов или ягод свежих,Супы,III-ING-0228,ING-0228,ING-0228,Слива,Слива,260,verified_primary_net,,NO,https://studopedia.net/17_42323_supi-s-makaronnimi-izdeliyami-domashney-lapshoy.html,YES
russian_normative_recipes_v22_5_row_nutrients_part2.xlsx,v13_part2,USSR82-319,319,Суп-пюре из плодов или ягод свежих,Супы,III-ING-0228,ING-0229,ING-0229,Крахмал картофельный,Крахмал картофельный,20,verified_primary_net,,NO,https://studopedia.net/17_42323_supi-s-makaronnimi-izdeliyami-domashney-lapshoy.html,YES
russian_normative_recipes_v22_5_row_nutrients_part2.xlsx,v13_part2,USSR82-319,319,Суп-пюре из плодов или ягод свежих,Супы,III-ING-0239,ING-0006,ING-0006,Вода,Вода,800,verified_primary_net,,NO,https://studopedia.net/17_42323_supi-s-makaronnimi-izdeliyami-domashney-lapshoy.html,YES
russian_normative_recipes_v22_5_row_nutrients_part2.xlsx,v13_part2,USSR82-319,319,Суп-пюре из плодов или ягод свежих,Супы,III-ING-0239,ING-0042,ING-0042,Сахар,Сахар,80,verified_primary_net,,NO,https://studopedia.net/17_42323_supi-s-makaronnimi-izdeliyami-domashney-lapshoy.html,YES
russian_normative_recipes_v22_5_row_nutrients_part2.xlsx,v13_part2,USSR82-319,319,Суп-пюре из плодов или ягод свежих,Супы,III-ING-0239,ING-0229,ING-0229,Крахмал картофельный,Крахмал картофельный,20,verified_primary_net,,NO,https://studopedia.net/17_42323_supi-s-makaronnimi-izdeliyami-domashney-lapshoy.html,YES
russian_normative_recipes_v22_5_row_nutrients_part2.xlsx,v13_part2,USSR82-319,319,Суп-пюре из плодов или ягод свежих,Супы,III-ING-0239,ING-0239,ING-0239,Малина,Малина,260,verified_primary_net,,NO,https://studopedia.net/17_42323_supi-s-makaronnimi-izdeliyami-domashney-lapshoy.html,YES
russian_normative_recipes_v22_5_row_nutrients_part2.xlsx,v13_part2,USSR82-319,319,Суп-пюре из плодов или ягод свежих,Супы,III-ING-0240,ING-0006,ING-0006,Вода,Вода,800,verified_primary_net,,NO,https://studopedia.net/17_42323_supi-s-makaronnimi-izdeliyami-domashney-lapshoy.html,YES
russian_normative_recipes_v22_5_row_nutrients_part2.xlsx,v13_part2,USSR82-319,319,Суп-пюре из плодов или ягод свежих,Супы,III-ING-0240,ING-0042,ING-0042,Сахар,Сахар,80,verified_primary_net,,NO,https://studopedia.net/17_42323_supi-s-makaronnimi-izdeliyami-domashney-lapshoy.html,YES
russian_normative_recipes_v22_5_row_nutrients_part2.xlsx,v13_part2,USSR82-319,319,Суп-пюре из плодов или ягод свежих,Супы,III-ING-0240,ING-0229,ING-0229,Крахмал картофельный,Крахмал картофельный,20,verified_primary_net,,NO,https://studopedia.net/17_42323_supi-s-makaronnimi-izdeliyami-domashney-lapshoy.html,YES
russian_normative_recipes_v22_5_row_nutrients_part2.xlsx,v13_part2,USSR82-319,319,Суп-пюре из плодов или ягод свежих,Супы,III-ING-0240,ING-0240,ING-0240,Земляника садовая,Земляника садовая,260,verified_primary_net,,NO,https://studopedia.net/17_42323_supi-s-makaronnimi-izdeliyami-domashney-lapshoy.html,YES
russian_normative_recipes_v22_5_row_nutrients_part2.xlsx,v13_part2,USSR82-319,319,Суп-пюре из плодов или ягод свежих,Супы,III-ING-0241,ING-0006,ING-0006,Вода,Вода,800,verified_primary_net,,NO,https://studopedia.net/17_42323_supi-s-makaronnimi-izdeliyami-domashney-lapshoy.html,YES
russian_normative_recipes_v22_5_row_nutrients_part2.xlsx,v13_part2,USSR82-319,319,Суп-пюре из плодов или ягод свежих,Супы,III-ING-0241,ING-0042,ING-0042,Сахар,Сахар,80,verified_primary_net,,NO,https://studopedia.net/17_42323_supi-s-makaronnimi-izdeliyami-domashney-lapshoy.html,YES
russian_normative_recipes_v22_5_row_nutrients_part2.xlsx,v13_part2,USSR82-319,319,Суп-пюре из плодов или ягод свежих,Супы,III-ING-0241,ING-0229,ING-0229,Крахмал картофельный,Крахмал картофельный,20,verified_primary_net,,NO,https://studopedia.net/17_42323_supi-s-makaronnimi-izdeliyami-domashney-lapshoy.html,YES
russian_normative_recipes_v22_5_row_nutrients_part2.xlsx,v13_part2,USSR82-319,319,Суп-пюре из плодов или ягод свежих,Супы,III-ING-0241,ING-0241,ING-0241,Черника,Черника,260,verified_primary_net,,NO,https://studopedia.net/17_42323_supi-s-makaronnimi-izdeliyami-domashney-lapshoy.html,YES
russian_normative_recipes_v22_5_row_nutrients_part2.xlsx,v13_part2,USSR82-319,319,Суп-пюре из плодов или ягод свежих,Супы,III-ING-0242,ING-0006,ING-0006,Вода,Вода,800,verified_primary_net,,NO,https://studopedia.net/17_42323_supi-s-makaronnimi-izdeliyami-domashney-lapshoy.html,YES
russian_normative_recipes_v22_5_row_nutrients_part2.xlsx,v13_part2,USSR82-319,319,Суп-пюре из плодов или ягод свежих,Супы,III-ING-0242,ING-0042,ING-0042,Сахар,Сахар,80,verified_primary_net,,NO,https://studopedia.net/17_42323_supi-s-makaronnimi-izdeliyami-domashney-lapshoy.html,YES
russian_normative_recipes_v22_5_row_nutrients_part2.xlsx,v13_part2,USSR82-319,319,Суп-пюре из плодов или ягод свежих,Супы,III-ING-0242,ING-0229,ING-0229,Крахмал картофельный,Крахмал картофельный,20,verified_primary_net,,NO,https://studopedia.net/17_42323_supi-s-makaronnimi-izdeliyami-domashney-lapshoy.html,YES
russian_normative_recipes_v22_5_row_nutrients_part2.xlsx,v13_part2,USSR82-319,319,Суп-пюре из плодов или ягод свежих,Супы,III-ING-0242,ING-0242,ING-0242,Вишня,Вишня,260,verified_primary_net,,NO,https://studopedia.net/17_42323_supi-s-makaronnimi-izdeliyami-domashney-lapshoy.html,YES
russian_normative_recipes_v22_5_row_nutrients_part2.xlsx,v13_part2,USSR82-319,319,Суп-пюре из плодов или ягод свежих,Супы,III-ING-0243,ING-0006,ING-0006,Вода,Вода,800,verified_primary_net,,NO,https://studopedia.net/17_42323_supi-s-makaronnimi-izdeliyami-domashney-lapshoy.html,YES
russian_normative_recipes_v22_5_row_nutrients_part2.xlsx,v13_part2,USSR82-319,319,Суп-пюре из плодов или ягод свежих,Супы,III-ING-0243,ING-0042,ING-0042,Сахар,Сахар,80,verified_primary_net,,NO,https://studopedia.net/17_42323_supi-s-makaronnimi-izdeliyami-domashney-lapshoy.html,YES
russian_normative_recipes_v22_5_row_nutrients_part2.xlsx,v13_part2,USSR82-319,319,Суп-пюре из плодов или ягод свежих,Супы,III-ING-0243,ING-0229,ING-0229,Крахмал картофельный,Крахмал картофельный,20,verified_primary_net,,NO,https://studopedia.net/17_42323_supi-s-makaronnimi-izdeliyami-domashney-lapshoy.html,YES
russian_normative_recipes_v22_5_row_nutrients_part2.xlsx,v13_part2,USSR82-319,319,Суп-пюре из плодов или ягод свежих,Супы,III-ING-0243,ING-0243,ING-0243,Черешня,Черешня,260,verified_primary_net,,NO,https://studopedia.net/17_42323_supi-s-makaronnimi-izdeliyami-domashney-lapshoy.html,YES
russian_normative_recipes_v22_5_row_nutrients_part2.xlsx,v13_part2,USSR82-319,319,Суп-пюре из плодов или ягод свежих,Супы,III-ING-0244,ING-0006,ING-0006,Вода,Вода,800,verified_primary_net,,NO,https://studopedia.net/17_42323_supi-s-makaronnimi-izdeliyami-domashney-lapshoy.html,YES
russian_normative_recipes_v22_5_row_nutrients_part2.xlsx,v13_part2,USSR82-319,319,Суп-пюре из плодов или ягод свежих,Супы,III-ING-0244,ING-0042,ING-0042,Сахар,Сахар,80,verified_primary_net,,NO,https://studopedia.net/17_42323_supi-s-makaronnimi-izdeliyami-domashney-lapshoy.html,YES
russian_normative_recipes_v22_5_row_nutrients_part2.xlsx,v13_part2,USSR82-319,319,Суп-пюре из плодов или ягод свежих,Супы,III-ING-0244,ING-0229,ING-0229,Крахмал картофельный,Крахмал картофельный,20,verified_primary_net,,NO,https://studopedia.net/17_42323_supi-s-makaronnimi-izdeliyami-domashney-lapshoy.html,YES
russian_normative_recipes_v22_5_row_nutrients_part2.xlsx,v13_part2,USSR82-319,319,Суп-пюре из плодов или ягод свежих,Супы,III-ING-0244,ING-0244,ING-0244,Персик,Персики,260,verified_primary_net,,NO,https://studopedia.net/17_42323_supi-s-makaronnimi-izdeliyami-domashney-lapshoy.html,YES
russian_normative_recipes_v22_5_row_nutrients_part2.xlsx,v13_part2,USSR82-319,319,Суп-пюре из плодов или ягод свежих,Супы,III-ING-0245,ING-0006,ING-0006,Вода,Вода,800,verified_primary_net,,NO,https://studopedia.net/17_42323_supi-s-makaronnimi-izdeliyami-domashney-lapshoy.html,YES
russian_normative_recipes_v22_5_row_nutrients_part2.xlsx,v13_part2,USSR82-319,319,Суп-пюре из плодов или ягод свежих,Супы,III-ING-0245,ING-0042,ING-0042,Сахар,Сахар,80,verified_primary_net,,NO,https://studopedia.net/17_42323_supi-s-makaronnimi-izdeliyami-domashney-lapshoy.html,YES
russian_normative_recipes_v22_5_row_nutrients_part2.xlsx,v13_part2,USSR82-319,319,Суп-пюре из плодов или ягод свежих,Супы,III-ING-0245,ING-0229,ING-0229,Крахмал картофельный,Крахмал картофельный,20,verified_primary_net,,NO,https://studopedia.net/17_42323_supi-s-makaronnimi-izdeliyami-domashney-lapshoy.html,YES
russian_normative_recipes_v22_5_row_nutrients_part2.xlsx,v13_part2,USSR82-319,319,Суп-пюре из плодов или ягод свежих,Супы,III-ING-0245,ING-0245,ING-0245,Абрикос,Абрикосы,260,verified_primary_net,,NO,https://studopedia.net/17_42323_supi-s-makaronnimi-izdeliyami-domashney-lapshoy.html,YES
russian_normative_recipes_v22_5_row_nutrients_part2.xlsx,v13_part2,USSR82-319,319,Суп-пюре из плодов или ягод свежих,Супы,III-ING-0246,ING-0006,ING-0006,Вода,Вода,800,verified_primary_net,,NO,https://studopedia.net/17_42323_supi-s-makaronnimi-izdeliyami-domashney-lapshoy.html,YES
russian_normative_recipes_v22_5_row_nutrients_part2.xlsx,v13_part2,USSR82-319,319,Суп-пюре из плодов или ягод свежих,Супы,III-ING-0246,ING-0042,ING-0042,Сахар,Сахар,80,verified_primary_net,,NO,https://studopedia.net/17_42323_supi-s-makaronnimi-izdeliyami-domashney-lapshoy.html,YES
russian_normative_recipes_v22_5_row_nutrients_part2.xlsx,v13_part2,USSR82-319,319,Суп-пюре из плодов или ягод свежих,Супы,III-ING-0246,ING-0229,ING-0229,Крахмал картофельный,Крахмал картофельный,20,verified_primary_net,,NO,https://studopedia.net/17_42323_supi-s-makaronnimi-izdeliyami-domashney-lapshoy.html,YES
russian_normative_recipes_v22_5_row_nutrients_part2.xlsx,v13_part2,USSR82-319,319,Суп-пюре из плодов или ягод свежих,Супы,III-ING-0246,ING-0246,ING-0246,Клюква,Клюква,120,verified_primary_net,,NO,https://studopedia.net/17_42323_supi-s-makaronnimi-izdeliyami-domashney-lapshoy.html,YES
russian_normative_recipes_v22_5_row_nutrients_part2.xlsx,v13_part2,USSR82-320,320,Суп-пюре из плодов сушеных,Супы,single,ING-0006,ING-0006,Вода,Вода,1000,verified_primary_net,,NO,https://studopedia.net/17_42324_supi-s-makaronnimi-izdeliyami-domashney-lapshoy.html,YES
russian_normative_recipes_v22_5_row_nutrients_part2.xlsx,v13_part2,USSR82-320,320,Суп-пюре из плодов сушеных,Супы,single,ING-0042,ING-0042,Сахар,Сахар,100,verified_primary_net,,NO,https://studopedia.net/17_42324_supi-s-makaronnimi-izdeliyami-domashney-lapshoy.html,YES
russian_normative_recipes_v22_5_row_nutrients_part2.xlsx,v13_part2,USSR82-320,320,Суп-пюре из плодов сушеных,Супы,single,ING-0229,ING-0229,Крахмал картофельный,Крахмал картофельный,16,verified_primary_net,,NO,https://studopedia.net/17_42324_supi-s-makaronnimi-izdeliyami-domashney-lapshoy.html,YES
russian_normative_recipes_v22_5_row_nutrients_part2.xlsx,v13_part2,USSR82-320,320,Суп-пюре из плодов сушеных,Супы,single,ING-0230,ING-0230,Корица,Корица,1,verified_primary_net,,NO,https://studopedia.net/17_42324_supi-s-makaronnimi-izdeliyami-domashney-lapshoy.html,YES
russian_normative_recipes_v22_5_row_nutrients_part2.xlsx,v13_part2,USSR82-320,320,Суп-пюре из плодов сушеных,Супы,single,ING-0234,ING-0234,Яблоки сушеные,Яблоки сушеные,100,verified_primary_net,,NO,https://studopedia.net/17_42324_supi-s-makaronnimi-izdeliyami-domashney-lapshoy.html,YES
russian_normative_recipes_v22_5_row_nutrients_part2.xlsx,v13_part2,USSR82-320,320,Суп-пюре из плодов сушеных,Супы,single,ING-0236,ING-0236,Курага,Курага,120,verified_primary_net,,NO,https://studopedia.net/17_42324_supi-s-makaronnimi-izdeliyami-domashney-lapshoy.html,YES
russian_normative_recipes_v22_5_row_nutrients_part2.xlsx,v13_part2,USSR82-322,322,Суп с пивом (сладкий),Супы,single,ING-0034,ING-0034,"Молоко 3,2%",Молоко,625,verified_primary_net,,NO,https://studopedia.net/17_42324_supi-s-makaronnimi-izdeliyami-domashney-lapshoy.html,YES
russian_normative_recipes_v22_5_row_nutrients_part2.xlsx,v13_part2,USSR82-322,322,Суп с пивом (сладкий),Супы,single,ING-0042,ING-0042,Сахар,Сахар,75,verified_primary_net,,NO,https://studopedia.net/17_42324_supi-s-makaronnimi-izdeliyami-domashney-lapshoy.html,YES
russian_normative_recipes_v22_5_row_nutrients_part2.xlsx,v13_part2,USSR82-322,322,Суп с пивом (сладкий),Супы,single,ING-0063,ING-0063,Хлеб пшеничный,Хлеб пшеничный,50,verified_primary_net,,NO,https://studopedia.net/17_42324_supi-s-makaronnimi-izdeliyami-domashney-lapshoy.html,YES
russian_normative_recipes_v22_5_row_nutrients_part2.xlsx,v13_part2,USSR82-322,322,Суп с пивом (сладкий),Супы,single,ING-0071,ING-0071,Яйцо куриное,Яйца,100,verified_primary_net,,NO,https://studopedia.net/17_42324_supi-s-makaronnimi-izdeliyami-domashney-lapshoy.html,YES
russian_normative_recipes_v22_5_row_nutrients_part2.xlsx,v13_part2,USSR82-322,322,Суп с пивом (сладкий),Супы,single,ING-0248,ING-0248,Пиво Жигулевское,"Пиво ""Жигулевское""",300,verified_primary_net,,NO,https://studopedia.net/17_42324_supi-s-makaronnimi-izdeliyami-domashney-lapshoy.html,YES
russian_normative_recipes_v22_5_row_nutrients_part2.xlsx,v13_part2,USSR82-324,324,"Картофель отварной с луком или грибами, или луком и грибами","Картофель, овощи и грибы",I,ING-0019,ING-0019,Картофель,Картофель,155,verified_primary_alternative,potato_age,NO,https://studopedia.net/19_52745_ochishchenniy-kartofel-varyat-odnim-iz-sposobov-privedennih-vishe.html,YES
russian_normative_recipes_v22_5_row_nutrients_part2.xlsx,v13_part2,USSR82-324,324,"Картофель отварной с луком или грибами, или луком и грибами","Картофель, овощи и грибы",I,ING-0019,ING-0019,Картофель,Картофель молодой,160,verified_primary_alternative,potato_age,NO,https://studopedia.net/19_52745_ochishchenniy-kartofel-varyat-odnim-iz-sposobov-privedennih-vishe.html,YES
russian_normative_recipes_v22_5_row_nutrients_part2.xlsx,v13_part2,USSR82-324,324,"Картофель отварной с луком или грибами, или луком и грибами","Картофель, овощи и грибы",I-mushrooms,ING-0028,ING-0028,Лук репчатый,Лук репчатый,20,verified_primary_net,,NO,https://studopedia.net/19_52745_ochishchenniy-kartofel-varyat-odnim-iz-sposobov-privedennih-vishe.html,YES
russian_normative_recipes_v22_5_row_nutrients_part2.xlsx,v13_part2,USSR82-324,324,"Картофель отварной с луком или грибами, или луком и грибами","Картофель, овощи и грибы",I-mushrooms,ING-0030,ING-0030,Маргарин столовый,Маргарин,10,verified_primary_net,,NO,https://studopedia.net/19_52745_ochishchenniy-kartofel-varyat-odnim-iz-sposobov-privedennih-vishe.html,YES
russian_normative_recipes_v22_5_row_nutrients_part2.xlsx,v13_part2,USSR82-324,324,"Картофель отварной с луком или грибами, или луком и грибами","Картофель, овощи и грибы",I-mushrooms,ING-0093,ING-0093,Грибы белые свежие,Грибы белые свежие,80,verified_primary_alternative,mushroom,NO,https://studopedia.net/19_52745_ochishchenniy-kartofel-varyat-odnim-iz-sposobov-privedennih-vishe.html,YES
russian_normative_recipes_v22_5_row_nutrients_part2.xlsx,v13_part2,USSR82-324,324,"Картофель отварной с луком или грибами, или луком и грибами","Картофель, овощи и грибы",I-mushrooms,ING-0107,ING-0107,Грибы белые сушеные,Грибы белые сушеные,20,verified_primary_alternative,mushroom,NO,https://studopedia.net/19_52745_ochishchenniy-kartofel-varyat-odnim-iz-sposobov-privedennih-vishe.html,YES
russian_normative_recipes_v22_5_row_nutrients_part2.xlsx,v13_part2,USSR82-324,324,"Картофель отварной с луком или грибами, или луком и грибами","Картофель, овощи и грибы",I-mushrooms,ING-0142,ING-0142,Шампиньоны свежие,Шампиньоны свежие,80,verified_primary_alternative,mushroom,NO,https://studopedia.net/19_52745_ochishchenniy-kartofel-varyat-odnim-iz-sposobov-privedennih-vishe.html,YES
russian_normative_recipes_v22_5_row_nutrients_part2.xlsx,v13_part2,USSR82-324,324,"Картофель отварной с луком или грибами, или луком и грибами","Картофель, овощи и грибы",I-onion,ING-0028,ING-0028,Лук репчатый,Лук репчатый,60,verified_primary_net,,NO,https://studopedia.net/19_52745_ochishchenniy-kartofel-varyat-odnim-iz-sposobov-privedennih-vishe.html,YES
russian_normative_recipes_v22_5_row_nutrients_part2.xlsx,v13_part2,USSR82-324,324,"Картофель отварной с луком или грибами, или луком и грибами","Картофель, овощи и грибы",I-onion,ING-0030,ING-0030,Маргарин столовый,Маргарин,10,verified_primary_net,,NO,https://studopedia.net/19_52745_ochishchenniy-kartofel-varyat-odnim-iz-sposobov-privedennih-vishe.html,YES
russian_normative_recipes_v22_5_row_nutrients_part2.xlsx,v13_part2,USSR82-324,324,"Картофель отварной с луком или грибами, или луком и грибами","Картофель, овощи и грибы",I-service,ING-0030,ING-0030,Маргарин столовый,Маргарин,10,verified_primary_alternative,final_fat,NO,https://studopedia.net/19_52745_ochishchenniy-kartofel-varyat-odnim-iz-sposobov-privedennih-vishe.html,YES
russian_normative_recipes_v22_5_row_nutrients_part2.xlsx,v13_part2,USSR82-324,324,"Картофель отварной с луком или грибами, или луком и грибами","Картофель, овощи и грибы",I-service,ING-0032,ING-0032,Масло сливочное,Масло сливочное,5,verified_primary_alternative,final_fat,NO,https://studopedia.net/19_52745_ochishchenniy-kartofel-varyat-odnim-iz-sposobov-privedennih-vishe.html,YES
russian_normative_recipes_v22_5_row_nutrients_part2.xlsx,v13_part2,USSR82-324,324,"Картофель отварной с луком или грибами, или луком и грибами","Картофель, овощи и грибы",II,ING-0019,ING-0019,Картофель,Картофель,258,verified_primary_alternative,potato_age,NO,https://studopedia.net/19_52745_ochishchenniy-kartofel-varyat-odnim-iz-sposobov-privedennih-vishe.html,YES
russian_normative_recipes_v22_5_row_nutrients_part2.xlsx,v13_part2,USSR82-324,324,"Картофель отварной с луком или грибами, или луком и грибами","Картофель, овощи и грибы",II,ING-0019,ING-0019,Картофель,Картофель молодой,266,verified_primary_alternative,potato_age,NO,https://studopedia.net/19_52745_ochishchenniy-kartofel-varyat-odnim-iz-sposobov-privedennih-vishe.html,YES
russian_normative_recipes_v22_5_row_nutrients_part2.xlsx,v13_part2,USSR82-324,324,"Картофель отварной с луком или грибами, или луком и грибами","Картофель, овощи и грибы",II-mushrooms,ING-0030,ING-0030,Маргарин столовый,Маргарин,10,verified_primary_net,,NO,https://studopedia.net/19_52745_ochishchenniy-kartofel-varyat-odnim-iz-sposobov-privedennih-vishe.html,YES
russian_normative_recipes_v22_5_row_nutrients_part2.xlsx,v13_part2,USSR82-324,324,"Картофель отварной с луком или грибами, или луком и грибами","Картофель, овощи и грибы",II-mushrooms,ING-0093,ING-0093,Грибы белые свежие,Грибы белые свежие,60,verified_primary_alternative,mushroom,NO,https://studopedia.net/19_52745_ochishchenniy-kartofel-varyat-odnim-iz-sposobov-privedennih-vishe.html,YES
russian_normative_recipes_v22_5_row_nutrients_part2.xlsx,v13_part2,USSR82-324,324,"Картофель отварной с луком или грибами, или луком и грибами","Картофель, овощи и грибы",II-mushrooms,ING-0107,ING-0107,Грибы белые сушеные,Грибы белые сушеные,15,verified_primary_alternative,mushroom,NO,https://studopedia.net/19_52745_ochishchenniy-kartofel-varyat-odnim-iz-sposobov-privedennih-vishe.html,YES
russian_normative_recipes_v22_5_row_nutrients_part2.xlsx,v13_part2,USSR82-324,324,"Картофель отварной с луком или грибами, или луком и грибами","Картофель, овощи и грибы",II-mushrooms,ING-0142,ING-0142,Шампиньоны свежие,Шампиньоны свежие,60,verified_primary_alternative,mushroom,NO,https://studopedia.net/19_52745_ochishchenniy-kartofel-varyat-odnim-iz-sposobov-privedennih-vishe.html,YES
russian_normative_recipes_v22_5_row_nutrients_part2.xlsx,v13_part2,USSR82-324,324,"Картофель отварной с луком или грибами, или луком и грибами","Картофель, овощи и грибы",II-onion,ING-0028,ING-0028,Лук репчатый,Лук репчатый,50,verified_primary_net,,NO,https://studopedia.net/19_52745_ochishchenniy-kartofel-varyat-odnim-iz-sposobov-privedennih-vishe.html,YES
russian_normative_recipes_v22_5_row_nutrients_part2.xlsx,v13_part2,USSR82-324,324,"Картофель отварной с луком или грибами, или луком и грибами","Картофель, овощи и грибы",II-onion,ING-0030,ING-0030,Маргарин столовый,Маргарин,10,verified_primary_net,,NO,https://studopedia.net/19_52745_ochishchenniy-kartofel-varyat-odnim-iz-sposobov-privedennih-vishe.html,YES
russian_normative_recipes_v22_5_row_nutrients_part2.xlsx,v13_part2,USSR82-324,324,"Картофель отварной с луком или грибами, или луком и грибами","Картофель, овощи и грибы",III,ING-0019,ING-0019,Картофель,Картофель,258,verified_primary_alternative,potato_age,NO,https://studopedia.net/19_52745_ochishchenniy-kartofel-varyat-odnim-iz-sposobov-privedennih-vishe.html,YES
russian_normative_recipes_v22_5_row_nutrients_part2.xlsx,v13_part2,USSR82-324,324,"Картофель отварной с луком или грибами, или луком и грибами","Картофель, овощи и грибы",III,ING-0019,ING-0019,Картофель,Картофель молодой,266,verified_primary_alternative,potato_age,NO,https://studopedia.net/19_52745_ochishchenniy-kartofel-varyat-odnim-iz-sposobov-privedennih-vishe.html,YES
russian_normative_recipes_v22_5_row_nutrients_part2.xlsx,v13_part2,USSR82-324,324,"Картофель отварной с луком или грибами, или луком и грибами","Картофель, овощи и грибы",III-mushrooms,ING-0030,ING-0030,Маргарин столовый,Маргарин,10,verified_primary_net,,NO,https://studopedia.net/19_52745_ochishchenniy-kartofel-varyat-odnim-iz-sposobov-privedennih-vishe.html,YES
russian_normative_recipes_v22_5_row_nutrients_part2.xlsx,v13_part2,USSR82-324,324,"Картофель отварной с луком или грибами, или луком и грибами","Картофель, овощи и грибы",III-mushrooms,ING-0093,ING-0093,Грибы белые свежие,Грибы белые свежие,50,verified_primary_alternative,mushroom,NO,https://studopedia.net/19_52745_ochishchenniy-kartofel-varyat-odnim-iz-sposobov-privedennih-vishe.html,YES
russian_normative_recipes_v22_5_row_nutrients_part2.xlsx,v13_part2,USSR82-324,324,"Картофель отварной с луком или грибами, или луком и грибами","Картофель, овощи и грибы",III-mushrooms,ING-0107,ING-0107,Грибы белые сушеные,Грибы белые сушеные,13,verified_primary_alternative,mushroom,NO,https://studopedia.net/19_52745_ochishchenniy-kartofel-varyat-odnim-iz-sposobov-privedennih-vishe.html,YES
russian_normative_recipes_v22_5_row_nutrients_part2.xlsx,v13_part2,USSR82-324,324,"Картофель отварной с луком или грибами, или луком и грибами","Картофель, овощи и грибы",III-mushrooms,ING-0142,ING-0142,Шампиньоны свежие,Шампиньоны свежие,50,verified_primary_alternative,mushroom,NO,https://studopedia.net/19_52745_ochishchenniy-kartofel-varyat-odnim-iz-sposobov-privedennih-vishe.html,YES
russian_normative_recipes_v22_5_row_nutrients_part2.xlsx,v13_part2,USSR82-325,325,Картофель в молоке,"Картофель, овощи и грибы",I,ING-0019,ING-0019,Картофель,Картофель,140,verified_primary_net,,NO,https://studopedia.net/19_52745_ochishchenniy-kartofel-varyat-odnim-iz-sposobov-privedennih-vishe.html,YES
russian_normative_recipes_v22_5_row_nutrients_part2.xlsx,v13_part2,USSR82-325,325,Картофель в молоке,"Картофель, овощи и грибы",I,ING-0032,ING-0032,Масло сливочное,Масло сливочное,8,verified_primary_net,,NO,https://studopedia.net/19_52745_ochishchenniy-kartofel-varyat-odnim-iz-sposobov-privedennih-vishe.html,YES
russian_normative_recipes_v22_5_row_nutrients_part2.xlsx,v13_part2,USSR82-325,325,Картофель в молоке,"Картофель, овощи и грибы",I,ING-0034,ING-0034,"Молоко 3,2%",Молоко,57,verified_primary_net,,NO,https://studopedia.net/19_52745_ochishchenniy-kartofel-varyat-odnim-iz-sposobov-privedennih-vishe.html,YES
russian_normative_recipes_v22_5_row_nutrients_part2.xlsx,v13_part2,USSR82-325,325,Картофель в молоке,"Картофель, овощи и грибы",II,ING-0019,ING-0019,Картофель,Картофель,180,verified_primary_net,,NO,https://studopedia.net/19_52745_ochishchenniy-kartofel-varyat-odnim-iz-sposobov-privedennih-vishe.html,YES
russian_normative_recipes_v22_5_row_nutrients_part2.xlsx,v13_part2,USSR82-325,325,Картофель в молоке,"Картофель, овощи и грибы",II,ING-0032,ING-0032,Масло сливочное,Масло сливочное,7,verified_primary_net,,NO,https://studopedia.net/19_52745_ochishchenniy-kartofel-varyat-odnim-iz-sposobov-privedennih-vishe.html,YES
russian_normative_recipes_v22_5_row_nutrients_part2.xlsx,v13_part2,USSR82-325,325,Картофель в молоке,"Картофель, овощи и грибы",II,ING-0034,ING-0034,"Молоко 3,2%",Молоко,71,verified_primary_net,,NO,https://studopedia.net/19_52745_ochishchenniy-kartofel-varyat-odnim-iz-sposobov-privedennih-vishe.html,YES
russian_normative_recipes_v22_5_row_nutrients_part2.xlsx,v13_part2,USSR82-325,325,Картофель в молоке,"Картофель, овощи и грибы",III,ING-0019,ING-0019,Картофель,Картофель,180,verified_primary_net,,NO,https://studopedia.net/19_52745_ochishchenniy-kartofel-varyat-odnim-iz-sposobov-privedennih-vishe.html,YES
russian_normative_recipes_v22_5_row_nutrients_part2.xlsx,v13_part2,USSR82-325,325,Картофель в молоке,"Картофель, овощи и грибы",III,ING-0032,ING-0032,Масло сливочное,Масло сливочное,5,verified_primary_net,,NO,https://studopedia.net/19_52745_ochishchenniy-kartofel-varyat-odnim-iz-sposobov-privedennih-vishe.html,YES
russian_normative_recipes_v22_5_row_nutrients_part2.xlsx,v13_part2,USSR82-325,325,Картофель в молоке,"Картофель, овощи и грибы",III,ING-0034,ING-0034,"Молоко 3,2%",Молоко,71,verified_primary_net,,NO,https://studopedia.net/19_52745_ochishchenniy-kartofel-varyat-odnim-iz-sposobov-privedennih-vishe.html,YES
russian_normative_recipes_v22_5_row_nutrients_part2.xlsx,v13_part2,USSR82-328,328,Тыква отварная,"Картофель, овощи и грибы",II,ING-0032,ING-0032,Масло сливочное,Масло сливочное,15,verified_primary_net,,NO,https://studopedia.net/6_116749_rashoda-sirya-vihoda-polufabrikatov-i-gotovih-izdeliy.html,YES
russian_normative_recipes_v22_5_row_nutrients_part2.xlsx,v13_part2,USSR82-328,328,Тыква отварная,"Картофель, овощи и грибы",II,ING-0053,ING-0053,Сухари панировочные,Сухари,10,verified_primary_net,,NO,https://studopedia.net/6_116749_rashoda-sirya-vihoda-polufabrikatov-i-gotovih-izdeliy.html,YES
russian_normative_recipes_v22_5_row_nutrients_part2.xlsx,v13_part2,USSR82-328,328,Тыква отварная,"Картофель, овощи и грибы",II,ING-0145,ING-0145,Тыква,Тыква,181,verified_primary_net,,NO,https://studopedia.net/6_116749_rashoda-sirya-vihoda-polufabrikatov-i-gotovih-izdeliy.html,YES
russian_normative_recipes_v22_5_row_nutrients_part2.xlsx,v13_part2,USSR82-328,328,Тыква отварная,"Картофель, овощи и грибы",III,ING-0032,ING-0032,Масло сливочное,Масло сливочное,10,verified_primary_net,,NO,https://studopedia.net/6_116749_rashoda-sirya-vihoda-polufabrikatov-i-gotovih-izdeliy.html,YES
russian_normative_recipes_v22_5_row_nutrients_part2.xlsx,v13_part2,USSR82-328,328,Тыква отварная,"Картофель, овощи и грибы",III,ING-0053,ING-0053,Сухари панировочные,Сухари,10,verified_primary_net,,NO,https://studopedia.net/6_116749_rashoda-sirya-vihoda-polufabrikatov-i-gotovih-izdeliy.html,YES
russian_normative_recipes_v22_5_row_nutrients_part2.xlsx,v13_part2,USSR82-328,328,Тыква отварная,"Картофель, овощи и грибы",III,ING-0145,ING-0145,Тыква,Тыква,241,verified_primary_net,,NO,https://studopedia.net/6_116749_rashoda-sirya-vihoda-polufabrikatov-i-gotovih-izdeliy.html,YES
